user_id,app_num,fin_app_num,app_names,rpd_loan_order_cnt,rpd_loan_order_amt
10074472,215,165,2345贷款王;360贷款助手;51人品贷;51信用卡管家;51借款贷款;51借钱;51短期贷;51速贷;51零用钱;91极速贷;中信银行动卡空间;中国工商银行;中安信业小额贷款;乐宝袋;乐贷款;亚热贷;亲亲小贷;人人花;人人贷借款;任性贷借款;你我贷借款;你我金融;信用卡贷款;信用卡贷款借款;信用花贷款借贷神器;信而富;借么;借乐花;借了吗贷款;借得快;借款专家;借款王信用贷款;借款王手机贷款;借款钱包;借点钱贷款;借财童子贷款;借贷钱包贷款;借钱吧;借钱易;借钱白条;值得借;光速贷款;全能借款;八借贷款;农行掌上银行;功夫贷;卡卡贷;原子贷;同牛贷;和信借款;好贷;好贷款;宋江贷;容易贷信用贷款;小牛速贷;小米金融;小钱;小额贷款;小马快借贷款借钱分期好帮手;工银融E联;差钱吗贷款;布丁小贷;平安i贷;平安信用卡;平安普惠;广发手机银行;快借款;快贷;快速借款;快钱钱包;快闪现金;急借通;恒易贷;惠借宝;惠借贷款;手机借钱信用贷款分期;手机贷款;打个借条;拉卡拉;拍拍贷借款;拿下钱包;指尖钱包;救急钱包;新易贷微贷款;易贷款;月光蓝卡;有钱用;有钱贷极速借款;来借款;来分期;极速贷款小额借款;极速钱包;欢乐贷;浦发手机银行;淘分期贷款;淘钱宝;爱信钱包;猫粒贷贷款;玖富万卡;现金借款;现金巴士;现金快贷;现金白卡;现金贷;现金贷款;现金贷贷款;现金超人;现金速递;益投资;省呗;秒借款;秒白条;秒贷款;移动手机贷;简借贷款;米米贷;缺钱么;考拉征信;芝麻小钱;莫愁花;菠萝贷;蓝领贷;虾球借钱;蚂蚁信用贷;融360;融360信用卡;豆豆花;财小仙小额贷;财滚滚;财神贷信用借款;财鸟借钱极速版;财鸟贷款;贷上钱;贷吧;贷呗;贷嘛;贷款;贷款123;贷款APP快速借钱;贷款宝借款;贷款钱包;贷款黑卡;贷贷看;贷钱走借款;身份证贷款;还借钱;速易贷借款;速贷之家贷款;金十数据;金道GTS2手机交易软件;钞市;钱借到;钱到到分期;钱包贷;钱嗖嗖;钱有路;钱米钱包;闪电借款;闪电借钱花;闪电贷;闪贷侠;随便借;随心时贷;随易速贷;魔法现金借款,1,3150
10266370,272,162,2345贷款王;51人品;51人品贷;51信用卡管家;51卡宝;51短期贷;51零用钱;NPOS;一账通;中信银行;中国工商银行;中国建设银行;中安信业小额贷款;五一钱包;京东金融;京东钱包;亲亲小贷;人人花;人人贷借款;你我贷借款;你我贷理财;你我金融;信用卡贷款借款;信用白条;信而富;信而富钱包;借乐花;借你花花;借得快;借款专家;借款大师;借点钱贷款;借财童子贷款;借贷宝;值得借;先花一亿元;分期贷;功夫贷;千百块;卡卡生活;卡卡贷;卡牛信用卡管家;原子贷;及贷;发薪贷;吉大贷;同牛贷;向钱贷;啪啪钱包小额借贷;国美金融;多多付钱包;奇速贷;好钱包;如意借;安逸花贷款;宜人贷借款;小牛速贷;小花钱包;小葱钱包;小赢卡贷;工银融E联;平安普惠;平安金管家;微当钱包;快贷-贷款借钱网贷;快金;快钱钱包;快闪现金;急借通;急用钱ATM;恒易贷;惠借贷款;我来贷;手机借贷;手机贷（借款版）;打个借条;找贝;拉卡拉;拍拍贷借款;招联好期贷;指尖贷;指尖钱包;挖财记账;捷信金融;支付宝;放心花;旺理财;易快借;月光蓝卡;有钱用;有鱼贷款;来借;极速钱包;浦发信用卡;潘看;火贷款手机借钱;牛呗借款借钱;玖富万卡;玖富叮当;现金借款;现金奶牛;现金巴士;现金快贷;现金白卡;现金秒贷;现金贷;现金贷贷款;现金速递;瑞钱包;用钱宝;申金贷;百贷宝;益投资;省呗;秒白条;移动手机贷;第一贷款;米米贷;缺钱么;网商银行;美借;芝麻借钱;莫愁花;蓝领贷;虾球借钱;蚂蚁信贷;蚂蚁小微贷;蚂蚁聚宝;蜜蜂管账;融360;融360贷款;读秒;豆豆花;豆豆钱;豆豆钱闪电版;财主贷;贷上钱;贷款钱包;贷款黑卡;贷贷看;贷钱走借款;趣还钱;轻松有钱;达飞云贷;还呗;速贷信用卡借款贷款神器;钱急送;钱有路;钱站;银信付;闪电借款;闪电借钱花;闪贷;闪银;随手借;飞贷;飞鱼贷款;马上借;马上贷;魔法现金借款;麦芽贷;鼎及贷,0,0
1042534,176,118,2345贷款王;51人品;51信用卡管家;51零用钱;91金融;一账通;万达贷;中国工商银行;中安信业小额贷款;亲亲小贷;优啦金融;你我贷借款;信用卡之窗挖财;信而富;信闪贷;借乐花;借了吗贷款;借吧易贷;借易得;借易贷;借有道;借点钱贷款;借贷宝;先花一亿元;先花钱;光大银行手机银行;农行掌上银行;功夫贷;千百块;华夏银行;卡卡贷;卡牛信用卡管家;原子贷;同牛贷;嗨呗钱包;多多付钱包;奇速贷;好贷;安逸花贷款;宜人贷借款;小狐分期;小米金融;小葱钱包;小钱;工银融E联;布丁小贷;帮友贷;平安普惠;广发手机银行;快钱钱包;惠金贷;我来贷;手机贷（借款版）;拍分期;拍拍贷借款;指尖钱包;指尖钱庄;放心花;无忧借条;星星钱袋;晋情贷;曹操贷;月光侠;来借钱;极速钱包;汇聚宝;浦发手机银行;淘钱宝;滴士分期;潘看;点点钱包;爱贷借款;玖富万卡;玖富叮当;现金宝;现金快贷;现金白卡;现金贷贷款;现金超人;盛付通钱包;省呗;福道金融;秒借;积木盒子;移动手机贷;米刷钱包;米米贷;网信千金;翼支付;荷包;蜗牛钱包;贷上钱;贷你嗨;贷款123;贷款60秒;贷款钱包;贷贷款;趣救急;趣还钱;趣钱包增强版;还呗;还还;速贷之家贷款;钱急送;钱有路;钱站;银信付;银收宝;闪电借款;闪钱包;闪银;陆金所;靓号贷;飞贷;魔借;魔法现金借款;麦麦提借款;鼎及贷,0,0
10508997,187,101,2345贷款王;51人品;51人品贷;51信用卡管家;一账通;万达贷;中信银行动卡空间;中国工商银行;中国建设银行;中安信业小额贷款;中腾信贷;中邮钱包;乐贷款;交通银行;京东金融;亲亲小贷;人人贷借款;你我贷借款;你我金融;借吧快速借款借钱;借点钱贷款;借贷宝;光大银行手机银行;农行掌上银行;功夫贷;包银消费;卡卡贷;卡牛信用卡管家;厚钱包;原子贷;及贷;发薪贷;好贷;安家派;安逸花贷款;宜人贷借款;小树时代;小牛速贷;小花钱包;小赢卡贷;工银融E联;平安信用卡;平安口袋银行;平安普惠;平安金管家;快贷-贷款借钱网贷;快钱钱包;急借通;我来贷;手机贷（借款版）;拉卡拉;拍拍贷借款;招商银行;招商银行掌上生活;指尖贷;挖财信用卡管家;支付宝;新易贷微贷款;星星钱袋;曹操贷;有贝钱袋;来分期;松鼠贷;水象借点花;浦发手机银行;爱钱进;玖富万卡;玖富叮当;玖富钱包;现金巴士;现金白卡;现金贷;用钱宝;益投资;省呗;网商银行;网贷小猫;美借;翼支付;萤火虫分期服务;融360;融360信用卡;豆豆花;豆豆钱;贝壳钱包;贷嘛;趣救急;还呗;还还;速贷信用卡借款贷款神器;钱到到分期;钱急送;钱站;闪电借款;闪电分期;闪贷;闪银;飞贷;魔法现金借款;麦芽贷;鼎及贷,0,0
10528786,197,124,51人品;51人品贷;51信用卡管家;51借点花花;51短期贷;51返呗;51速贷;51零用钱;一账通;中国工商银行;中国建设银行;中安信业小额贷款;中腾信贷;中邮钱包;交通银行;京东金融;亲亲小贷;人人贷借款;你我贷借款;你我金融;信美分期;借了吗贷款;借吧快速借款借钱;借点钱贷款;借贷宝;借钱快;值得借;光大银行手机银行;农行掌上银行;功夫贷;包银消费;卡卡贷;卡宜贷;卡牛信用卡管家;原子贷;及贷;同牛贷;向钱贷;啪啪钱包小额借贷;大小贷;好好贷;好贷;安逸花贷款;宋江贷;容易借借款;容易贷信用贷款;小米金融;小花钱包;小赢卡贷;工银融E联;差钱吗贷款;布丁信用;布丁小贷;帮友贷;平安信用卡;平安普惠;平安金管家;快来贷;快贷-贷款借钱网贷;快速贷款;快金;快钱钱包;我来贷;手机借款;拉卡拉;拍拍贷借款;招商银行掌上生活;指尖贷;指尖钱包;指尖钱庄;支付宝;时贷;星星钱袋;来借;极速贷款;江湖救急;淘钱宝;火贷款手机借钱;爱钱进;牛呗借款借钱;玖富万卡;玖富叮当;现金巴士;现金白卡;现金贷;现金贷贷款;现金超人;省呗;秒借;积木盒子;缺钱么;网商银行;美借;考拉征信;花无缺借款;莫愁花;菠萝贷;蓝领贷;融360;豆豆花;豆豆钱;财鸟贷款;贷上钱;贷先生;贷嘛;贷款宝借款;贷贷看;超人贷借款;还呗;迪迪好贷;速贷之家贷款;邮e贷;钞市;钱急送;钱站;银联钱包;闪电借款;闪银;随你花;随我花;随手借;零用钱包;马上借;麦芽贷,0,0
10615264,183,120,2345贷款王;360借条;360贷款导航;51人品;51人品贷;51信用卡管家;51借钱;51快贷;51贷款王;51贷款钱包;51闪贷;下钱快;中国工商银行;中安信业小额贷款;京东金融;你我贷借款;信用卡借款;信用卡快办;信用白条;信用花贷款借贷神器;信用贷款;信而富;借乐花;借了吗贷款;借有道;借点钱贷款;借贷宝;借钱快;借顺贷;光速贷款;农业银行信用卡管家;功夫贷;卡卡贷;卡牛信用卡管家;及贷;同花顺信用卡;向钱贷;咻一咻;国美金融;大小贷;大黄蜂信用;奇速贷;安家派;安逸花贷款;宜人贷借款;容易贷信用贷款;小花钱包;小赢卡贷;小额钱袋;工银融E联;布丁小贷;平安信用卡;平安普惠;幺幺玖钱包;建设银行信用卡优惠;微贷网;快贷-贷款借钱网贷;急借通;急用钱ATM;恒易贷;手机贷（借款版）;拍拍贷借款;指尖贷;挖财信用卡管家;捷信金融;支付宝;新易贷微贷款;星星钱袋;曹操贷;有利网理财;有贝钱袋;杏仁钱包;极速钱包;浦发信用卡;浦发手机银行;淘钱宝;点融网理财;爱钱进;牛呗借款借钱;猪宝钱包;玖富万卡;玖富叮当;现金借款;现金巴士;现金白卡;用钱宝;省呗;秒白条;移动手机贷;缺钱么;网易贵金属;美借;考拉征信;花钱无忧;莫愁花;菠萝贷;蓝领贷;蚂蚁小微贷;融360;读秒;豆豆钱;贝壳钱包;贷上钱;贷嘛;贷款侠借款;贷款助手;贷款钱包;贷款黑卡;钞市;钱到;钱有路;银信小贷;闪借款;闪电借款;闪贷;闪银;随手借;顺借;麦芽贷;鼎及贷,0,0
10640282,200,110,2345贷款王;360借条;360贷款导航;51人品;51人品贷;51信用卡管家;51卡宝;51零用钱;一账通;万达贷;中信银行动卡空间;中国建设银行;中国银行;中国银行手机银行;中国银行网上银行;乐刷商务版;京东股票;京东金融;京东钱包;会员宝秒到版;你我贷借款;你我金融;信用白条;信而富;借乐花;借了吗贷款;借贷宝;借钱快;农行掌上银行;功夫贷;包银消费;卡卡贷;卡宜贷;卡牛信用卡管家;厚钱包;原子贷;及贷;向钱贷;在线金融超市;宜人贷借款;小狐分期;小米贷款;小米金融;小花钱包;小赢卡贷;平安信用卡;平安普惠;平安金管家;开心钱包;快钱钱包;急用钱ATM;我来贷;拉卡拉;拉卡拉商户通;招商银行;招商银行掌上生活;拿下钱包;指尖钱包;挖财信用卡管家;支付宝;新易贷微贷款;星星钱袋;松鼠贷;浦发信用卡;深圳农村商业银行;点融借贷;玖富万卡;玖富钱包;现金借款;现金白卡;用钱宝;益投资;省呗;秒分钱包;秒白条;米粒白条;缺钱么;网商银行;美借;翼支付;考拉征信;花无缺借款;菠萝贷;蜜蜂管账;融360;读秒;豆豆钱;贝壳钱包;贷上钱;贷你嗨;贷贷看;赫美易贷;超级钱包;达飞云贷;还呗;速刷理财版;钞市;钱站;银联钱包;闪电借款;闪电公积金;闪电宝;随手记理财记账;随行付商务版;顺手付钱包;马上贷;魔法现金借款;鲸鱼宝理财;麦芽贷;鼎及贷,0,0
11437218,201,104,2345贷款王;51人品;51信用卡管家;51借款;51短期贷;7贷;一证贷;中国工商银行;乐贷款;京东金融;信用卡贷款;信用白条;信而富;信贷员助手;借乐花;借吧微贷;借吧易贷;借得快;借点钱贷款;借贷宝;借钱吧;先花一亿元;光速贷款;农行掌上银行;功夫贷;千百块;卡牛信用卡管家;发薪贷;口袋钱包;同牛贷;国众宝;壹钱包;奇速贷;如意借;宜人贷借款;小葱钱包;小赢卡贷;小钱;工银融E联;平安普惠;开单王;快贷-贷款借钱网贷;快钱钱包;急借通;惠借宝;惠借贷款;愚人贷;手机贷（借款版）;打个借条;拉卡拉;拍拍贷借款;招商银行;拿下钱包;指尖贷;掌中财富;提款机;支付宝;星星钱袋;曹操贷;有贝钱袋;来借;淘分期贷款;潘看;玖富万卡;玖富叮当;现金巴士;现金快车;现金白卡;现金钱包;用钱宝;秒白条;秒贷贷款;简借贷款;缺钱么;美借;蓝领贷;蓝领钱包;融360;豆豆花;贷上钱;贷嘛;贷款60秒;贷款助手;贷款钱包;超人贷借款;超速贷;趣还钱;还还;速刷理财版;速贷之家贷款;钞市;钱包贷;钱有路;钱站;闪电借款;陆金所;随便借;随手借;靓号贷;领英贷;领贷;飞鱼贷款;魔法现金借款;麦芽贷,0,0
11714131,190,114,2345贷款王;360贷款导航;51人品贷;51借点花花;51零用钱;中信银行;中国工商银行;中国建设银行;中国银行手机银行;中安信业小额贷款;京东金融;京东钱包;众安;你我贷借款;信掌柜;信用白条;信用飞;信美分期;信而富;信闪贷;借乐花;借了吗贷款;借得快;借易得;借易贷;借点钱贷款;借钱帮;借钱快;先花一亿元;农行掌上银行;刷脸贷;功夫贷;北部湾银行;厚钱包;及贷;向钱贷;夸客优富;奇速贷;好易借;安逸花贷款;小米金融;小花钱包;小葱钱包;小贷鼠;小赢卡贷;小雨点网贷;工银融E联;布丁小贷;平安普惠;平安期货开户;广源小贷;快速借款;快钱钱包;急用钱ATM;愚人贷;房速贷;手机贷（借款版）;拉卡拉;拍拍贷借款;招商智远Pad;指尖钱包;挖财信用卡管家;新浪有借;星星钱袋;智远一户通;暖薪贷;月光蓝卡;有利网理财;有氧金融;有贝钱袋;杏仁钱包;极速借条;极速钱包;玖富万卡;玖富叮当;现金借款;现金奶牛;现金巴士;现金快贷;现金快车;现金超人;现金速递;省呗;秒白条;移动手机贷;简易贷;米米贷;绿洲闪贷;网商银行;美借;翼支付;考拉征信;菠萝贷;蓝领贷;融360;贷上钱;贷嘛;贷款123;贷款黑卡;还借钱;速贷之家贷款;钞市;钱有路;钱站;闪电借款;闪贷;闪贷侠;闪银;随便借;随行付商务版;雪球;顺借;飞贷;魔法现金借款,0,0
11776627,207,132,2345贷款王;360借条;51人品贷;51信用卡管家;51短期贷;51零用钱;万达贷;中信银行;中信银行动卡空间;中国工商银行;中国建设银行;中国银行;五一钱包;交通银行;京东金融;任性付;你我贷借款;信掌柜;信用白条;信用飞;信而富;借乐花;借了吗贷款;借得快;借贷宝;借钱快;先花一亿元;光大银行手机银行;农行掌上银行;功夫贷;千百块;卡卡借;卡卡贷;卡牛信用卡管家;及贷;发薪贷;向钱贷;天天富;奇速贷;好钱包;安逸花贷款;宜人贷借款;容易贷信用贷款;小树时代;小花钱包;小赢卡贷;布丁小贷;平安普惠;开心钱包;微当钱包;快贷-贷款借钱网贷;快速借款;快金;快钱钱包;急用钱ATM;恒易贷;我来贷;手机贷（借款版）;打工贷;拉卡拉;拍拍贷借款;招商银行;招商银行掌上生活;指尖钱包;挖财信用卡管家;捷信福贷;捷信金融;支付宝;星星钱袋;暖手好贷;暖薪贷;曹操贷;有贝钱袋;有钱用;来借钱;极速钱包;民生信用卡;江湖救急;江西农信新一代手机银行;爱信钱包;猪宝钱包;猫粒贷贷款;玖富万卡;玖富叮当;现金巴士;现金快贷;现金白卡;现金超人;现金速递;现金骑士;用钱宝;白花花;移动手机贷;稠州银行;立马有钱;米发钱包;米多多钱包;米米贷;缺钱么;美借;花无缺借款;萤火虫分期服务;蓝领贷;虾球借钱;蚂蚁信用贷;融360;诸葛钱包;读秒;豆豆钱;贝才;财付通;财滚滚;贷上钱;贷款123;贷款黑卡;赞分期;趣还钱;轻松有钱;还呗;速米袋;钱到到分期;钱嗖嗖;钱急送;钱站;闪电借款;闪贷侠;闪金贷;闪银;飞贷;香港彩宝典;马上贷;魔法现金借款,0,0
120194783,183,113,2345贷款王;360贷款导航;51人品贷;51信用卡管家;51借款;51借钱;51零用钱;91借钱极速放款;i贷专业版贷款;中国建设银行;乐宝袋;乐贷款;亲亲小贷;人人花;任性贷借款;你我贷借款;信用卡还呗;信而富;信闪贷;借乐花;借了吗贷款;借得快;借有道;借款专家;借款宝;借款王;借点钱贷款;借现金;借花花;先花一亿元;全能借款;农行掌上银行;功夫贷;千百块;华夏银行;卡卡贷;卡牛信用卡管家;原子贷;及贷;向钱贷;大小贷;头号钱庄;奇速贷;好易借;好贷;好贷款;安逸花贷款;小花钱包;小赢卡贷;小钱;小雨点网贷;差钱吗贷款;布丁信用;布丁小贷;平安普惠;平安金管家;微盟贷款王pl;微贷网;快贷;快速借款;快钱钱包;我来贷;手机贷（借款版）;打个借条;拍拍贷借款;挖财宝;挖财股神;星星钱袋;暖薪贷;曹操贷;有贝钱袋;极速贷款;极速贷款王;极速钱包;水象借点花;玖富万卡;玖富叮当;现金借款;现金巴士;现金快贷;现金白卡;现金贷贷款;现金超人;现金速递;瓜牛钱包;省呗;秒借;秒借款;秒白条;米米贷;绿洲闪贷;缺钱么;考拉征信;花钱无忧;菠萝贷;蓝领贷;融360;豆豆钱;贷嘛;贷款宝借款;还呗;还还;速领薪;钱急送;钱有路;钱站;闪电借款;闪银;随手记理财记账;飞贷;马上贷;魔借;魔法现金借款,0,0
120547093,232,139,2345贷款王;360借条;51人品;51人品贷;51信用卡管家;51借钱;51现金贷;51速贷;51零用钱;一证贷;一账通;中国建设银行;中安信业小额贷款;乐宝袋;乐贷款;九秒贷;亲亲小贷;人人贷借款;任性付;信用白条;信用花贷款借贷神器;信而富;借了吗贷款;借吧易贷;借有道;借点钱贷款;借财童子贷款;借贷宝;借钱;借钱快;借钱手机现金分期贷款;先花一亿元;光速贷;千百块;及贷;发薪贷;叮当贷;吉大贷;同牛贷;向钱贷;壹钱包;大小贷;好钱包;安家派;安逸花贷款;宋江贷;容易借借款;小意思;小树时代;小葱钱包;小钱;工银融E联;布丁小贷;布丁小贷贷款版;平安普惠;平安金管家;征信贷款;微众银行-金融基金投资理财微粒贷;微贷钱包;快来贷;快贷-贷款借钱网贷;快速借款;快闪现金;急借通;手机借钱信用贷款分期;指尖贷;指尖钱包;挖财记账;捷信金融;支付宝;无忧借条;时贷;易快借;曹操贷;有贝钱袋;村分期;来借;松鼠贷;松鼠金融借款服务;极速钱包;水象借点花;江湖救急;灵云速贷;猫粒贷贷款;现金e贷;现金借款;现金借钱;现金在线;现金宝;现金快贷;现金快车;现金快递;现金白卡;现金秒贷;现金贷贷款;现金速贷;现金速递;瓜牛钱包;用钱宝;神速学贷;秒借;秒白条;秒贷;秒贷贷款;立马理财（网易出品-理财、投资、银行）;绿洲闪贷;缺钱么;网商银行;美借;翼支付;芝麻借钱;花无缺借款;莫愁花;蓝领贷;读秒;财付通;贷上钱;贷款123;贷款助手;贷款钱包;达飞云贷;还借钱;钱包闪贷;钱急送;钱有路;钱相随;钱米钱包;银信付;银联钱包;闪电借款;闪电借款贷款;闪贷;闪贷侠;闪银;随手借;随手记理财记账;顺借;魔法现金借款;鼎及贷,0,0
120617765,170,103,2345贷款王;360借条;51信用卡管家;51速贷;91借钱极速放款;万达贷;中国工商银行;中国建设银行;中国银行手机银行;中安信业小额贷款;中邮钱包;九秒贷;享宇钱包;京东金融;人人贷借款;你我贷借款;你我金融;信用白条;信而富;信闪贷;借得快;借点钱贷款;借钱快;农行掌上银行;分期贷;功夫贷;包商银行;包银消费;千百块;卡卡贷;卡牛信用卡管家;原子贷;及贷;向钱贷;啪啪钱包小额借贷;大小贷;安逸花贷款;宜人贷借款;小狐分期;小花钱包;小赢卡贷;工银融E联;平安普惠;开心钱包;快贷-贷款借钱网贷;快金;快钱钱包;急用钱ATM;我来贷;手机贷（借款版）;打工贷;拉卡拉;拿下钱包;挖财信用卡管家;支付宝;新易贷微贷款;星星钱袋;有氧金融;有贝钱袋;有钱用;松鼠贷;极速钱包;浦发信用卡;浦发手机银行;玖富万卡;玖富叮当;玖富钱包;现金借款;现金巴士;现金快车;现金盒子;用钱宝;百贷宝;省呗;秒借信用贷款借款;秒分钱包;秒白条;立马有钱;缺钱么;网商银行;美借;翼支付;考拉征信;花无缺上班贷;虾球借钱;读秒;豆豆钱;贝才;财滚滚;贷上钱;贷你嗨;还呗;逗付;钱急送;钱站;钱鱼借贷;闪借款;闪银;随手借;顺借;魔法现金借款;麦芽贷;鼎及贷,0,0
120750408,216,119,2345贷款王;360借条;51人品;51人品贷;51信用卡管家;51零用钱;91借钱极速放款;万达贷;中国工商银行;中安信业小额贷款;中邮钱包;乐刷商务版;乐宝袋;云付;京东金融;亲亲小贷;任性付;任性贷借款;任易贷;你我贷借款;你我金融;信用卡借款;信用白条;信而富;借乐花;借了吗贷款;借得快;借款王信用贷款;借点钱贷款;借钱花呗;先花一亿元;农行掌上银行;千百块;卡卡贷;卡牛信用卡管家;厚钱包;及贷;同牛贷;大小贷;好钱包;宝贝钱袋;小赢卡贷;工银融E联;差钱吗贷款;布丁信用;布丁小贷;开心钱包;征信宝;微盟贷款王;快贷-贷款借钱网贷;快钱钱包;急用钱ATM;恒易贷;我来贷;手机贷经典版;手机贷（借款版）;拉卡拉;拍拍贷借款;招商银行掌上生活;指尖钱包;挖财记账;捷信福贷;支付宝;新易贷微贷款;星星钱袋;暖薪贷;曹操贷;来分期;极速钱包;水象借点花;淘钱宝;玖富万卡;玖富叮当;现金之家;现金借款;现金在线;现金巴士;现金白卡;现金超人;用钱宝;白花花;益投资;省呗;秒贷;缺钱么;网商银行;考拉征信;花无缺借款;莫愁花极速版;融360;融360贷款;融e购;诸葛钱包;读秒;贝壳钱包;贝米钱包;财付通;财小仙小额贷;贷上钱;贷嘛;贷小强;贷款管家;贷款钱包;还呗;还还;速贷信用卡借款贷款神器;钱包贷;钱急送;钱有路;钱站;银联钱包;闪电借款;闪贷;闪银;闪银信用管家;马上借;马上贷;魔借;麦芽贷,0,0
150584332,202,112,2345贷款王;360借条;360贷款导航;51人品;51人品贷;51信用卡管家;91借钱极速放款;一账通;万达贷;中原直销银行;中国建设银行;丽人荟;京东金融;人人花;人人贷借款;你我贷借款;你我金融;佰仟分期购;信用白条;信而富;信闪贷;借了吗贷款;借易得;借易贷;借有道;借点钱贷款;借钱吧;借钱快;先花一亿元;全能借款;农行掌上银行;卡卡贷;卡牛信用卡管家;原子贷;口袋操盘;同牛贷;奇速贷;安逸花贷款;宗易汇;宜人贷借款;小企额贷款;小牛速贷;小米贷款;小花钱包;小葱钱包;小虾借钱;小赢卡贷;布丁小贷;平安信用卡;平安普惠;平安普惠i贷极速版;平安橙子;开心钱包;快贷-贷款借钱网贷;快钱钱包;急用钱ATM;手机贷款;手机贷（借款版）;拉卡拉;招商银行掌上生活;拿下钱包;指尖贷;挖财信用卡管家;捷信福贷;捷信金融;支付宝;新易贷微贷款;无忧借条;星星钱袋;有贝钱袋;杏仁钱包;极速钱包;江湖救急;浦发信用卡;牛呗借款借钱;玖富万卡;玖富叮当;玩卡金融联盟;现金借款;现金在线;现金巴士;现金快贷;现金白卡;现金贷;用钱宝;省呗;秒借;秒白条;网易彩票;美借;花无缺借款;蚂蚁信用贷;豆豆钱;财主贷;财滚滚;贷上钱;贷嘛;贷款123;贷款黑卡;还呗;还还;邮储银行;钞市;钱到到分期;钱有路;钱站;闪电借款;闪贷;闪银;陆金所;魔法现金借款;鼎及贷,1,37800
150859313,169,112,2345贷款王;360借条;360贷款导航;51零用钱;中国工商银行;中安信业小额贷款;乐宝袋;京东金融;亲亲小贷;人人花;今天贷;你我贷借款;你我金融;信用白条;信而富;借乐花;借了吗贷款;借得快;借有道;借款专家;借点钱贷款;借花花;借贷宝;借钱快;先花一亿元;八借贷款;农行掌上银行;南瓜快贷;及贷;同牛贷;向钱贷;大小贷;奇速贷;好易借;好贷;安家派;小意思;小狐分期;小花钱包;小雨点网贷;工银融E联;布丁小贷;平安普惠;微盟贷款王;快贷;快贷-贷款借钱网贷;快速借款;快钱钱包;急用钱ATM;惠借贷款;我来贷;手机贷（借款版）;拉卡拉;拍拍贷借款;拿下钱包;指尖贷;支付宝;星星钱袋;曹操贷;有贝钱袋;杏仁钱包;来借;极速贷;极速贷工薪借贷;极速钱包;淘钱宝;点融网理财;猪宝钱包;玖富叮当;现金侠;现金借款;现金巴士;现金快贷;现金快车;用钱宝;省呗;秒下款极速版;秒白条;秒贷;秒贷款;秒贷贷款;米米贷;缺钱么;缺钱么极速版;网商银行;美借;花无缺借款;花钱无忧;莫愁花;融360;豆豆钱;财滚滚;财鸟贷款;贷上钱贷款;贷你嗨;贷嘛;贷款;贷款宝借款;贷款黑卡;趣还钱;还借钱;速贷之家;钱到位;钱急送;钱有路;钱站;闪电借款;闪贷;闪银;随我花;魔法现金借款;麦芽贷,0,0
151271242,213,102,2345贷款王;360借条;360贷款导航;51人品;51人品贷;51信用卡管家;51借钱;51零用钱;91贷款;万达贷;中国工商银行;乐贷款;京东金融;京东钱包;信用白条;借乐花;借了吗贷款;借得快;借点钱贷款;借贷宝;借钱快;值得借;先花一亿元;光大银行手机银行;功夫贷;卡卡生活;卡卡贷;卡卡贷极速版;卡牛信用卡管家;原子贷;叮当贷;大智慧手机炒股软件;好易借;安逸花贷款;宜人贷借款;小花钱包;小赢卡贷;小钱;工行网上银行;工银直销银行;工银融E联;布丁小贷;帮你借;开心钱包;微众银行-金融基金投资理财微粒贷;快借呗;快贷-贷款借钱网贷;快钱钱包;慧择保险-人寿保险商城;我来贷;打个借条;拉卡拉;拍拍贷借款;招联好期贷;指尖贷;支付宝;新易贷微贷款;杏仁钱包;来分期;极速钱包;玖富叮当;现金之家;现金借款;现金在线;现金巴士;现金快贷;现金白卡;现金贷;现金超人;益投资;省呗;社保贷款;网商银行;网易金融;美借;考拉征信;芝麻信用贷;花无缺上班贷;蜜蜂管账;融360;融易贷;读秒;贝壳钱包;财付通;贷上钱;贷嘛;贷款快;贷款钱包;还呗;还还;邮乐金融;钱急送;钱有路;钱站;闪电借款;闪电借钱花;闪电贷;闪贷;闪银;阳光惠生活;马上借;麦麦提借款,0,0
151578941,194,134,2345贷款王;360贷款导航;51人品贷;51信用卡管家;51借点花花;51短期贷;51速贷;51零用钱;91借钱极速放款;中信银行动卡空间;中国建设银行;云科贷;京东金融;任性付;你我贷借款;依米钱包;信用白条;信用花贷款借贷神器;信美分期;信通袋分期;借乐花;借吧快速借款借钱;借有道;借花花;借贷宝;借钱快;先花一亿元;先花钱;共享现金;刷脸贷;卡卡借;卡卡贷;卡牛信用卡管家;及贷;多享金汇;奇速贷;好易借;好钱包;安逸花贷款;宜人贷借款;容易借钱;小狐分期;小葱钱包;小虾借钱;小额钱袋;平安普惠;广发手机银行;开始钱包;开心钱包;快乐钱包;快借到;快贷-贷款借钱网贷;快金;快闪现金;拉卡拉;拍分期;拍拍贷借款;招商银行;拿下钱包;指尖钱包;挖财信用卡管家;挖财记账;捷信福贷;支付宝;新浪有借;暖手好贷;暖薪贷;曹操贷;有贝钱袋;有钱用;松鼠贷;极速钱包;泰融理财;浦发信用卡;温州贷借款;爱信钱包;牛呗借款借钱;玖富万卡;现金借钱;现金在线;现金奶牛;现金快贷;现金急速贷;现金白卡;现金转转;现金速递;现金骑士;白花花;百贷宝;秒白条;立马有钱;米发钱包;米多多钱包;绿洲闪贷;缺钱么极速版;网贷小猫;翼支付;考拉征信;芝麻小金;芝麻现金;花点借款;莫愁花;莫愁花极速版;蓝莓钱包;蚂蚁信贷;融360;诸葛钱包;贝壳钱包;财小仙小额贷;财滚滚;贷上钱;贷款机;贷款黑卡;贷钱走借款;赤兔宝;超快客贷;趣还钱;还还;速借钱;速米袋;速钱;钱包闪贷;钱嗖嗖;钱夹子;钱急送;钱有路;银信付;闪电借款;闪贷;闪银;随手借;魔法现金借款;麦芽贷;鼎及贷,0,0
151753584,168,106,2345贷款王;51人品;51人品贷;51零用钱;万达贷;中国建设银行;乐宝袋;九秒贷;五一钱包;人人花;众可贷分期;你我贷借款;你我金融;信而富;借了吗贷款;借得快;借贷宝;借钱花;先花一亿元;千百块;原子贷;及贷;发薪贷;吉信敢贷;向钱贷;国美金融;大小贷;奇速贷;好好贷;好贷;好钱包;安逸花贷款;容易借借款;小树时代;小米金融;小葱钱包;小资钱包;小额钱袋;开心钱包;彩库宝典;快贷-贷款借钱网贷;快金;快钱钱包;急用钱ATM;惠借宝;惠借贷款;我要借款;拍拍贷借款;指尖贷;指尖钱包;支付宝;放心花;新浪有借;易快借;星星钱袋;曹操贷;有贝钱袋;有钱用;杏仁钱包;极速贷;极速钱包;水象借点花;江湖救急;淘钱宝;爱信钱包;爱钱进;玖富万卡;现金巴士;现金快车;现金白卡;现金贷贷款;现金速递;瓜牛钱包;用钱宝;白领贷;省呗;秒白条;秒贷;秒贷贷款;米米贷;缺钱么;美借;花无缺上班贷;虾球借钱;融360;融360贷款;诸葛钱包;财鸟贷款;贷上钱;贷你嗨;贷嘛;贷款60秒;轻松有钱;迪迪好贷;邮储银行;钱嗖嗖;钱有路;钱站;铜钱贷;闪电借款;闪贷;闪钱包;闪银;顺借;魔法现金借款;麦芽贷,0,0
151962702,160,102,2345贷款王;360借条;360贷款导航;51人品贷;51借钱;51零用钱;91借钱极速放款;中国建设银行;乐贷款;京东金融;京东钱包;亲亲小贷;人人贷借款;任性贷借款;你我贷借款;信掌柜;信用白条;信而富;借乐花;借了吗贷款;借款专家;借点钱贷款;借花花;借贷宝;借钱吧;借钱快;借顺贷;千百块;卡卡贷;卡牛信用卡管家;原子贷;及贷;同牛贷;向钱贷;大小贷;天天贷;奇速贷;宜人贷借款;实时贷;容易贷信用贷款;小星借款;小花钱包;小赢卡贷;工银融E联;布丁小贷;帮你借;平安普惠;开心钱包;快贷-贷款借钱网贷;快速借款;急用钱ATM;急速贷款;我来贷;手机贷（借款版）;打个借条;拍拍贷借款;指尖贷;挖财信用卡管家;支付宝;星星钱袋;曹操贷;来分期;松鼠贷;极速钱包;火贷款手机借钱;现金之家;现金借款;现金加油站;现金巴士;现金白卡;现金贷款快速借款;现金贷贷款;现金超人;用钱宝;百微网;省呗;秒贷款;网贷小猫;翼支付;翼龙贷;芝麻好贷;芝麻现金;花钱无忧;菠萝贷;融360;融易贷;豆豆钱;贝壳钱包;贷上钱;贷嘛;贷款60秒;贷款侠借款;贷款宝借款;贷款快;速贷之家贷款;邮储银行;钱包闪贷;闪电借款;闪银;随手记理财记账;靠谱鸟贷款;飞贷,0,0
152207235,228,157,11选5助手;2345贷款王;360贷款导航;51人品;51信用卡管家;51快贷;51零用钱;7贷;U族;万达贷;中信银行;中国工商银行;中国银行手机银行;乐贷款;京东金融;亲亲小贷;人人贷借款;你我贷借款;信用白条;信用花贷款借贷神器;信而富;借么;借乐花;借得快;借易贷;借款宝;借点钱贷款;借贷宝;借贷花呗;借钱快;借钱无忧;借钱易;元百百;先花一亿元;光大银行手机银行;光速借款;光速贷;光速贷款;兴业银行;农行掌上银行;功夫贷;千百块;南瓜快贷;卡卡贷;卡牛信用卡管家;厚钱包;原子贷;及贷;口袋钱包;同牛贷;向钱贷;唯彩会彩票;啪啪钱包小额借贷;嗨皮贷;大小贷;天天中彩票;奇速贷;好易借;安逸花贷款;宏岩易借贷;宜人贷借款;小葱钱包;小赢卡贷;小钱;工银融E联;平安信用卡;平安普惠;平安花呗极速借贷;广发手机银行;应急借贷;微盟贷款王;快客贷;快来贷;快贷;快贷-贷款借钱网贷;快速借款;快金;急用钱ATM;恒易贷;惠借贷款;懒人贷款;我来贷;手机借钱信用贷款分期;手机贷款;手机贷（借款版）;打个借条;拉卡拉;拍拍贷借款;招商银行掌上生活;招联好期贷;指尖贷;支付宝;易快借;星星钱袋;暖薪贷;曹操贷;有贝钱袋;极速贷款;极速钱包;浦发信用卡;火贷款手机借钱;爱信钱包;猫粒贷贷款;玖富万卡;现金借款;现金借贷;现金借钱;现金巴士;现金快贷;现金白卡;现金秒贷;现金贷;现金贷信用卡借款;现金超人;现金速递;用钱宝;省呗;神速学贷;移动手机贷;米米贷;缺钱么;缺钱用;网商银行;美借;芝麻借钱;花无缺借款;蓝领贷;虾球借钱;融360;读秒;豆豆钱;财小仙小额贷;财滚滚;贷上钱;贷你嗨;贷嘛;贷款123;贷款借贷借款借钱快;贷款宝借款;贷钱快借款;还借钱;还呗;还还;速贷信用卡借款贷款神器;速贷宝;重庆时时彩;钱有路;钱站;铜钱贷;闪电借款;闪电借钱花;闪贷;阳光惠生活;随手借;顺借;马上贷;麦芽贷,2,33810
152457030,161,109,11选5;2345贷款王;360借条;360贷款导航;51人品贷;51信用卡管家;51短期贷;51零用钱;万达贷;中国工商银行;中国银行手机银行;九秒贷;五一钱包;京东金融;亲亲小贷;你我贷借款;佰仟分期购;信用白条;信用花贷款借贷神器;信美分期;信而富;倍有钱;借乐花;借得快;借贷宝;借钱快;先花一亿元;先花钱;农行掌上银行;千百块;卡卡借;卡牛信用卡管家;原子贷;及贷;同牛贷;向钱贷;城市贷;大小贷;奇速贷;好钱包;安逸花贷款;工银融E联;平安普惠;广发手机银行;微当钱包;快客贷;快贷-贷款借钱网贷;快速借款;快钱钱包;快闪现金;急用钱ATM;我来贷;拍分期;拍拍贷借款;拿下钱包;指尖钱包;捷信金融;支付宝;放心花;新易贷微贷款;新浪有借;暖手好贷;暖薪贷;曹操贷;有贝钱袋;松鼠贷;极速钱包;欢乐贷;水象借点花;江湖救急;潘看;灵云速贷;爱信钱包;现金巴士;现金快车;现金白卡;现金速递;用钱宝;白花花;秒借;秒分钱包;秒白条;米米贷;缺钱么;缺钱么极速版;网商银行;网贷小猫;美借;蓝领贷;虾球借钱;蚂蚁信贷;融360贷款;诸葛钱包;豆豆钱;财付通;财滚滚;贷上钱;贷款123;贷款黑卡;赞分期;达飞云贷;钱急送;钱有路;闪电借款;闪贷超人;闪银;顺借;魔法现金借款;麦芽贷,0,0
152484890,163,104,2345贷款王;51人品;51人品贷;51信用卡管家;51借你钱;51零用钱;一账通;世海信贷;中信银行动卡空间;中原直销银行;中国工商银行;中国建设银行;中国银行;云付;京东金融;亲亲小贷;信掌柜;信用付;信用宝;借乐花;借几家;借钱花呗;先花一亿元;兴业银行;农行掌上银行;分美工薪版;功夫贷;千百块;卡卡借贷通;卡卡贷;卡牛信用卡管家;厚钱包;及贷;发薪贷;同牛贷;向钱贷;壹钱包;多享金汇;天天富;奇速贷;好钱包;宋江贷;宜人贷借款;小瑞快贷;小米贷款;小米金融;小钱;工银融E联;布丁小贷;平安口袋银行;平安普惠;平安金管家;快贷-贷款借钱网贷;快钱钱包;恒易贷;我来贷;拉卡拉;拍分期;拍拍贷借款;招商银行;招商银行掌上生活;拿下钱包;挖财信用卡管家;捷信金融;支付宝;放心花;时贷;暖薪贷;月光蓝卡;极速钱包;水象借点花;江湖救急;潘看;点融借贷;爱信钱包;猪宝钱包;玖富万卡;玖富叮当;现金巴士;现金快贷;现金快车;秒分钱包;秒白条;移动手机贷;缺钱么;翼支付;考拉征信;虾球借钱;融360;豆豆钱;豆豆钱闪电版;贷上钱;贷你嗨;贷款123;还呗;还还;钱到到分期;钱站;钱米钱包;银信付;闪电借款;闪电还;闪银;陆金所,0,0
152590436,180,148,51人品;51人品贷;51信用卡管家;94Bank;PPmoney理财;一点金库活期理财投资;一点金库理财投资;一账通;两只老虎;中兴财富理财;中国建设银行;中投融;京东金融;人人爱家金融;人人聚财;人人贷WE理财;人众金服理财投资;体育彩票;你我贷理财;你我金融;佰亿猫理财;储蓄罐（腾讯投资的理财神器）;全民财富;冠e通;凤凰金融;创客金融;利民网;华侨宝理财;南方基金客户端;卡牛信用卡管家;厚本金融投资理财;口袋理财;叮咚钱包;可溯金融;合拍在线;向上理财;和信贷理财;唐小僧理财;团贷网理财;国金宝理财;城城理财;壹钱包;多多理财;多盈理财;多融理财;央金所理财;好规划理财;好车贷理财;妙资理财;安心贷;宜人理财;宜聚网;宝象金融;小牛在线;小袋理财;小财迷;小金理财;平安财富宝;微贷网;快快贷理财;快点理财;快车财富;快钱钱包;恒大金服;悟空理财;惠金所;懒财网理财;抓钱猫理财投资;投之家;投哪网理财;投投金融;投融家理财;投融雪理财;拍拍贷理财;招商银行掌上生活;招财猫理财;指旺理财;挖财宝;支付宝;新联理财软件;易通贷理财;有利网理财;有融网理财;民贷天下理财;沃百富;洋钱罐理财;淘金家微库;滚雪球基金;滚雪球理财;点牛金融;点融网理财;熊猫金库;爱投资;爱贷网理财;爱钱进;牛板金;牛股王;玖富万卡;玖富钱包;理财农场;理财范;盈利宝;盈盈理财;真融宝理财;石头理财;石投金融;立马理财（网易出品-理财、投资、银行）;第一理财;简理财;米袋理财;紫马财行;缺钱么;网信理财;网易彩票;翼支付;联璧金融;联金所;聚爱财;聚胜财富;聚财猫理财;聪明投;草根投资;荷包;融金所投资理财;超爱财;轻易理财;金信宝;金储宝;金元宝理财;金投手;金融圈理财;金融工场;鑫合汇理财;钱内助理财;钱庄理财;钱时代理财;钱端（定制版）;铜掌柜;铜板街_手机理财;银多网;银狐财富;长富理财;陆金所;随手记理财记账;零钱包;零钱罐;鲸鱼宝理财;麻袋理财,0,0
152825846,190,103,2345贷款王;51人品;51人品贷;51信用卡管家;中国工商银行;中国建设银行;京东金融;京东钱包;亲亲小贷;人人贷借款;你我贷借款;信用白条;信用贷;信美分期;信而富;借得快;借贷宝;借钱快;先花钱;农行掌上银行;功夫贷;包银消费;千百块;千金贷;卡卡贷;卡牛信用卡管家;厚钱包;原子贷;及贷;发薪贷;同牛贷;名校贷白领版分期贷款;大小贷;好钱包;如意借;宁波银行;小瑞快贷;小米金融;小赢卡贷;工银融E联;微贷;微速贷;快借款;快贷-贷款借钱网贷;快速借款;快金;急借通;手机贷（借款版）;拉卡拉;拍拍贷借款;招商银行掌上生活;拿下钱包;指尖贷;指尖钱包;挖财信用卡管家;支付宝;星星钱袋;曹操贷;有钱宝;松鼠贷;极速钱包;油菜花;浦发信用卡;潘看;猎豹极速贷;现金借款;现金巴士;现金快贷;现金易贷;现金白卡;现金速递;用钱宝;秒借;秒白条;积木盒子;米米贷;缺钱么;美借;翼支付;芝麻小金;花无缺借款;虾球借钱;融360贷款;读秒;豆豆钱;财主贷;财小仙小额贷;贷上钱;赤兔宝;还借钱;还还;钱嗖嗖;钱急送;钱有路;钱站;银信付;闪电借款;闪贷超人;闪银;阳光惠生活;顺借;魔法现金借款;麦芽贷,0,0
153026956,190,131,2345贷款王;51人品贷;51借钱;U族;Wind资讯金融终端;万达贷;东方财富网;东航金融;中国工商银行;中安信业小额贷款;乐宝袋;乐贷款;京东金融;亲亲小贷;今天贷;付壹代;任性付;任性贷借款;你我贷理财;信而富;借得快;借款专家;借点钱贷款;借花花;借贷;借贷呗;借钱吗;借钱白条;借钱花呗;先花一亿元;八借贷款;农行掌上银行;分期贷款;功夫贷;千百块;华夏银行;卡卡贷;原子贷;及贷;名校贷;向钱贷;啪啪钱包小额借贷;嗨贷款;大小贷;好贷;安逸花贷款;宜人贷借款;容易贷信用贷款;小意思;小狐分期;小瑞快贷;小米金融;小葱钱包;小赢卡贷;小钱;小雨点网贷;小额借贷;差钱吗贷款;布丁小贷;平安信用卡;广发手机银行;快来贷;快速借款借钱;快钱钱包;急用钱ATM;恒大金服;恒易贷;惠借贷款;我来贷;手机贷（借款版）;打个借条;拉卡拉;拍拍贷借款;拿下钱包;指尖贷;指尖钱包;文华财经随身行;新易贷微贷款;无忧借条;星星钱袋;曹操贷;有贝钱袋;有钱宝;有鱼贷款;松鼠贷;松鼠金融借款服务;极速贷;极速贷款;极速贷款王;水象借点花;熊猫金库;玖富叮当;现金借款;现金巴士;现金白卡;现金贷款;现金贷贷款;瓜牛钱包;用钱宝;省呗;秒白条;秒贷;米米贷;缺钱么;缺钱花;美借;莫愁花;虾球借钱;读秒;豆豆花;豆豆钱;财鸟贷款;贷上钱;贷你嗨;贷先生;贷嘛;贷款;贷点钱借款;贷贷款;贷钱走借款;身份证贷款;还借钱;钱包贷;钱大掌柜;闪电借款;闪钱包;闪银;随指贷;靠谱鸟贷款;魔法现金借款;麦芽贷,0,0
153071217,160,136,3658商城;365易贷;51人品;94Bank;E都市钱包;e钱包;一账通;一贯;万达财富;上海华瑞银行;中业兴融;中国工商银行;中国建设银行;中泰理财;乐金所;九斗鱼;乾道金融;云端金融;京东金融;人众金服理财投资;亿百润;众禄基金;优储理财;佑米金融;余易贷理财;佳兆业金服;信融财富;光大分利宝;创客金融;华瑞直销银行;厚本金融投资理财;友金所;口袋理财;叮咚钱包;合拍在线;君融贷理财;唐小僧理财;善林宝;嘉石榴;团贷网理财;国投瑞银;国美金融;壹钱包;外快理财;外滩云财富;多米金融;天安金交中心;天弘爱理财;天财宝;好好理财;好车贷理财;宝象金融;富管家;小宝金融;小牛在线;小袋理财;小财迷;小金瓜理财;工银融E联;平安口袋银行;平安证券;广发基金;快快贷理财;悟空理财;惠农聚宝;懒投资;我能理财;抢钱通;拍拍贷理财;招商贷;招商银行;招财猫理财;捞财宝;掌指理财;操盘侠;支付宝;普汇云通;暴风金融;有融网理财;来存吧理财;杭银直销;正道金服;汇诚金服;沃百富;海金所;淘淘金;火钱理财;点融网理财;爱贷网理财;猴子理财;玖财通;瑞钱宝;甜橙理财;生菜金融;盈盈理财;盈码基金;石头客;米缸金融;翼支付;考拉理财;联璧金融;脐橙金融;花木金融;财富派;财蜂发财树;财迷之家;贸金所理财;达人贷理财;通通理财;邦融汇;金世通;金佳金融app;金储宝;金元宝理财;金投手;金有金;金汇金融;金盈所;金香黄金;钱保姆理财;钱内助理财;钱大掌柜;钱庄理财;钱时代理财;钱来网;钱牛牛理财;钱盆网;钱罐子;银票理财;陆金所;领投鸟理财;鲤鱼理财;鲸鱼宝理财;麦麦提理财;麻袋理财;黄金钱包,0,0
153150240,186,103,2345贷款王;51人品;51人品贷;51信用卡管家;万达财富;万达贷;中信银行;中信银行动卡空间;中国工商银行;中国建设银行;中国银行;中邮钱包;京东金融;人人贷借款;任性付;众安;你我贷借款;你我金融;信用白条;信美分期;信而富;借了吗贷款;借易得;借点钱贷款;借钱快;先花一亿元;光大银行手机银行;兴业银行;农行掌上银行;功夫贷;千百块;卡卡贷;卡牛信用卡管家;原子贷;口碑商家;口袋钱包;向钱贷;壹钱包;多多付钱包;大小贷;安家派;安逸花贷款;宜人贷借款;小狐分期;小花钱包;小赢卡贷;小钱;工银融E联;平安普惠;快贷-贷款借钱网贷;快速借款;快钱钱包;手机贷（借款版）;拉卡拉;拍拍贷借款;招商银行;招商银行掌上生活;指尖钱包;挖财信用卡管家;支付宝;普益投;曹操贷;有贝钱袋;民生银行手机银行;浦发信用卡;玖富万卡;玖富叮当;玖富钱包;现金借款;现金巴士;现金白卡;用钱宝;秒白条;秒贷;缺钱么;网商银行;美借;芝麻信用卡与贷款;芝麻好贷;蓝领贷;虾球借钱;融360;融360贷款;豆豆花;豆豆钱;贷上钱;贷你嗨;赞分期;趣还钱;还呗;还还;钱急送;钱有路;钱站;闪电猫;闪银;阳光惠生活;陆金所;顺借;飞贷;马上贷;魔法现金借款;麦芽分期,0,0
153595083,303,146,2345贷款王;3658商城;51人品;51人品贷;51信用卡管家;51零用钱;i贷专业版贷款;一账通;万达贷;下钱快;中国工商银行;中国建设银行;中国银行;中国银行手机银行;云付;享宇钱包;京东股票;京东金融;京东钱包;人人花;人人贷借款;众安;众禄基金;你我贷借款;信掌柜;信用付;信用白条;信用花贷款借贷神器;信美分期;信而富;信通袋分期;借乐花;借吧微贷;借吧快速借款借钱;借大师;借得快;借有道;借贷宝;借贷王;借钱帮;借钱快;值得借;先花一亿元;八借贷款;农行掌上银行;千百块;华夏信用卡管家;华夏银行;卡卡生活;卡牛信用卡管家;厚钱包;及贷;同牛贷;向上理财;壹钱包;大小贷;奇速贷;好借钱;好易借;好贷款;安逸花贷款;宜人贷借款;小赢卡贷;小雨点网贷;小额钱袋;工银直销银行;工银融E联;平安信用卡;平安普惠;平安财富宝;建行财管家;微众银行-金融基金投资理财微粒贷;快贷-贷款借钱网贷;快速借款;快速借款借钱;愚人贷;房速贷;手机贷（借款版）;拉卡拉;拉卡拉商户通;拍拍贷借款;招商银行;拿下钱包;捷信金融;支付宝;支付宝快捷支付服务;放心花;放款牛;易贷款;星星钱袋;有贝钱袋;杭银直销;极速信用贷款;极速钱包;民生信用卡;江湖救急;沃百富;沃钱包;浦发信用卡;浦发手机银行;爱信钱包;玖富万卡;玖富叮当;现金巴士;现金快车;现金白卡;白花花;益投资;秒借花贝借款;绿洲闪贷;缺钱么;网商银行;美借;考拉征信;自选股(腾讯炒股票软件);花钱无忧;菠萝贷;蜂鸟金融;蜜蜂管账;融360;融e购;诸葛钱包;豆豆花;财付通;财滚滚;财鱼管家;贷上钱;贷你嗨;贷嘛;贷款快;贷贷看;赫美易贷;还还;速借钱;速贷之家贷款;速贷信用卡借款贷款神器;钱急送;闪电借款;闪电公积金;闪贷;闪银;随手记理财记账;飞贷;魔法现金借款;麦芽贷;鼎及贷,0,0
153599766,171,105,2345贷款王;51人品;51人品贷;51信用卡管家;51借点花花;51零用钱;万达贷;世海信贷;中国工商银行;中国银行手机银行;九秒贷;人人花;众安;你我贷借款;信用卡快办;信用白条;信用雷达;借乐花;借了吗贷款;借吧快速借款借钱;借得快;借款专家;借钱快;值得借;先花一亿元;光速借款;光速贷款;功夫贷;千金贷;卡牛信用卡管家;原子贷;及贷;口袋钱包;同牛贷;向钱贷;大小贷;奇速贷;好易借;安家派;安逸花贷款;宜人贷借款;工银融E联;帮你借;平安普惠;开心钱包;微当钱包;微盟贷款王;快贷-贷款借钱网贷;快钱钱包;我来贷;手机贷（借款版）;找贝;拍拍贷借款;拿下钱包;挖财信用卡管家;放心花;星星贷安卓;星星钱袋;有贝钱袋;杏仁钱包;极速钱包;牛牛借吧;玖富万卡;玖富钱包;现金之家;现金借款;现金在线;现金巴士;现金快车;现金白卡;现金贷;现金超人;瓜牛钱包;用钱宝;省呗;秒白条;移动手机贷;米发钱包;米米贷;美借;翼支付;考拉征信;花无缺上班贷;花无缺借款;菠萝贷;融360;诸葛钱包;豆豆钱;贷上钱;贷你嗨;贷嘛;贷款钱包;还呗;速贷之家贷款;速贷信用卡借款贷款神器;速领薪;钞市;钱急送;钱有路;闪电借款;闪贷超人;闪银;随手借;顺借;马上贷,0,0
153612632,190,118,2345贷款王;360贷款导航;51信用卡管家;51借款;51速贷;91借钱极速放款;中国工商银行;中国建设银行;中国银行;中国银行手机银行;中安信业小额贷款;丽人荟;乾包;云科贷;京东金融;众安;你我贷借款;你我金融;佰仟分期购;信用花贷款借贷神器;信用飞;信美分期;信而富;信融财富;借了吗贷款;借得快;借有道;先花一亿元;先花钱;光大银行手机银行;农行掌上银行;功夫贷;千百块;卡卡贷;卡牛信用卡管家;厚钱包;原子贷;及贷;吉大贷;名校贷;名校贷白领版分期贷款;向钱贷;啪啪钱包小额借贷;大小贷;天天富;好易借;安逸花贷款;宜人贷借款;小牛速贷;小瑞快贷;小花钱包;小钱;平安信用卡;平安普惠;广发手机银行;开薪贷;快速借款;快钱钱包;快闪现金;我来贷;手机贷（借款版）;拉卡拉;拿下钱包;指尖钱包;挖财信用卡管家;新易贷微贷款;星星钱袋;暖手好贷;曹操贷;有钱用;松鼠贷;极速钱包;民生易贷;水象借点花;浦发手机银行;滴士分期;灵云速贷;点融借贷;牛呗借款借钱;玖富万卡;玖富叮当;现金借款;现金巴士;现金快贷;现金快车;现金易贷;现金白卡;现金速递;秒白条;移动手机贷;米粒白条;缺钱么;网贷小猫;美借;翼支付;花无缺上班贷;虾球借钱;融360;豆豆花;豆豆钱;贝才;财付通;财滚滚;贷上钱;辰安现金贷;还借钱;还还;钱到到分期;钱站;钱米钱包;银信付;银钱铺子;闪电借款;闪银;飞贷;马上贷;魔借;魔法现金借款,0,0
153621634,146,111,2345贷款王;51信用卡管家;7贷;一账通;万达贷;中信银行;中国工商银行;中国建设银行;中国银行手机银行;中邮钱包;交通银行;人人贷借款;众安;你我贷借款;信用白条;信而富;借了吗贷款;借得快;借点钱贷款;借贷宝;借钱快;先花一亿元;先花钱;光大银行手机银行;兴业银行;农行掌上银行;功夫贷;卡卡贷;卡牛信用卡管家;厚钱包;原子贷;及贷;友信信贷;口袋钱包;同牛贷;向钱贷;大小贷;好易借;安家派;宜人贷借款;富宝袋;小牛淘金;小花钱包;小贷鼠;小赢卡贷;小雨点网贷;布丁小贷;平安普惠;平安金管家;幺幺玖钱包;微易融;快客贷;快贷-贷款借钱网贷;快钱钱包;我来贷;手机贷（借款版）;拉卡拉;拍拍贷借款;招商银行;招商银行掌上生活;指尖贷;挖财信用卡管家;捷信金融;支付宝;星星钱袋;曹操贷;月季花;松鼠贷;极速钱包;水象借点花;浦发手机银行;玖富万卡;玖富钱包;现金借款;现金白卡;现金超人;用钱宝;省呗;秒借;积木盒子;网商银行;网贷小猫;美借;老哥帮;考拉征信;莫愁花;菠萝贷;蓝领贷;蜗牛钱包;融360;豆豆钱;贷上钱;贷你嗨;贷嘛;赞分期;达飞云贷;还呗;还还;速贷之家贷款;速贷信用卡借款贷款神器;速贷宝;钞市;钱包贷;钱有路;钱站;闪电借款;闪电猫;顺借;飞贷;麦芽贷;鼎及贷,0,0
153826839,281,121,2345贷款王;51人品;51人品贷;51信用卡管家;51速贷;U族;一账通;万达贷;中国建设银行;中安信业小额贷款;京东金融;亲亲小贷;人人中彩票;你我贷借款;你我贷理财;佰仟分期购;信而富;借了吗贷款;借易贷;借有道;借点钱贷款;借贷宝;借钱快;先花一亿元;功夫贷;千百块;南瓜快贷;卡卡生活;卡卡贷;卡牛信用卡管家;及贷;吉大贷;名校贷;向钱贷;壹钱包;奇速贷;好贷;好钱包;宜人贷借款;小期贷;小米金融;小葱钱包;小钱;小雨点网贷;布丁信用;布丁小贷;平安普惠;广发手机银行;开薪贷;快贷-贷款借钱网贷;快速借款;快钱钱包;急借通;我来贷;手机贷（借款版）;打工贷;拍拍贷借款;指尖贷;指尖钱包;支付宝;曹操贷;月光蓝卡;有利网理财;有钱用;来借钱;极速钱包;水象借点花;潘看;灵云速贷;猪宝钱包;玖富万卡;玖富叮当;玖富钱包;现金侠;现金借款;现金快贷;现金快车;现金白卡;现金超人;用钱宝;省呗;秒借;秒白条;秒贷贷款;米米贷;米粒白条;绿洲闪贷;缺钱么;美借;翼支付;考拉征信;芝麻小金;花无缺上班贷;花无缺借款;融360;豆豆钱;贷上钱;贷你嗨;贷款123;贷钱走借款;赞分期;趣还钱;还还;途牛金服;速贷之家贷款;邮储银行;钱急送;钱有路;钱站;银信付;闪电借款;闪电贷;闪贷;闪贷侠;闪银;陆金所;随手借;飞贷;马上贷;魔法现金借款;麦粒贷,0,0
153960504,173,120,2345贷款王;51人品贷;中安信业小额贷款;乐宝袋;亲亲小贷;任性贷借款;你我金融;佰仟分期购;信而富;借乐花;借了吗贷款;借得快;借款专家;借款钱包;借点钱贷款;借贷宝;借钱吗;借钱快;借顺贷;先花一亿元;光速借款;功夫贷;千百块;博富我来贷;原子贷;及贷;口袋钱包;同牛贷;向钱贷;和信借款;啪啪钱包小额借贷;奇速贷;好又贷借款;好易借;安逸花贷款;宋江贷;宜人贷借款;容易借借款;容易贷信用贷款;小米贷款;小花钱包;小葱钱包;小钱;布丁小贷;平安普惠;开心钱包;快贷-贷款借钱网贷;快钱钱包;惠借贷款;手机贷（借款版）;拉卡拉;拍拍贷借款;拿下钱包;指尖贷;挖财信用卡管家;捷信金融;支付宝;时贷;星星钱袋;暖薪贷;曹操贷;有贝钱袋;杏仁钱包;松鼠贷;极速钱包;淘钱宝;火贷款手机借钱;牛呗借款借钱;猪宝钱包;玖富叮当;现金借款;现金巴士;现金快贷;现金白卡;用钱宝;申金贷;省呗;神速学贷;秒借款;秒白条;移动手机贷;米米贷;米粒白条;绿洲闪贷;缺钱么;美借;芝麻白条;花无缺借款;草根钱包;莫愁花;菠萝贷;虾球借钱;蚂蚁小微贷;融360;诸葛钱包;读秒;豆豆花;豆豆钱;贝壳钱包;财小仙小额贷;贷上钱;贷小强;贷款123;趣还钱;还呗;速贷之家贷款;钱急送;钱有路;钱站;钱米钱包;铜钱贷;闪电借款;闪贷;闪银;随心时贷;飞贷;魔法现金借款;麦粒贷;麦芽贷;鼎及贷,0,0
154438758,218,140,51人品;51信用卡管家;56理财;P2P理财;PPmoney理财;PP基金理财;e路同心;一两理财;一起好理财;一路财富;丁丁贷;京东金融;人人聚财;人人贷WE理财;你我贷理财;信而富钱包;信融财富;储蓄罐（腾讯投资的理财神器）;光大云富;光大银行手机银行;八条鱼理财;农行掌上银行;利聚网;华人金融;博金贷理财投资;厚本金融投资理财;叮咚钱包;合拍在线;同花顺手机炒股股票软件;向上理财;和合速融;和聚宝;唐小僧理财;团贷网理财;图腾贷;城城理财;壹佰金融;外快理财;大麦理财;天天基金网;天财宝;好收益;好规划理财;好车贷理财;妙资理财;宜人理财;宜贷网;宝宝钱包;宝点理财;宝象金融;小微时贷;小牛在线;小猪理财;小赢理财;小金理财;平安财富宝;平安金管家;微贷网;微金所;德众金融;快快贷理财;快点理财;恒信易贷;恒富在线;恒易融理财;悟空理财;惠金所;懒投资;懒财网理财;抱财网投资理财;拍拍贷理财;挖财宝;挖财钱管家;掌中财富;掌悦理财;搜狐搜易贷理财;旺财狗;旺财猫;旺财谷理财;易小钱;易通贷理财;星火钱包;暴风金融;有利网理财;果树财富;桔子理财;沃时贷;沃百富;洋钱罐理财;海星宝理财;海象理财;火球理财;火理财;点融网理财;熊猫金库;爱贷网理财;爱钱进;牛板金;玖富钱包;珠宝贷;理想宝;理财范;甜橙理财;盈盈理财;真融宝理财;祺天优贷;积木盒子;米袋理财;网信理财;美美理财;翼龙贷;聚爱财;股票入门;芒果金融;荷包;融360;诺诺镑客;贝多多;贝米钱包;财神爷爷;轻易理财;迷你贷;金宝保;金融工场;金银猫;钱大掌柜;钱妈妈理财;钱牛牛理财;钱盒子金融;钱罐子;铜板街_手机理财;陆金所;随手记理财记账;雪山贷;零钱罐;饭团金服;饭饭金服;饮马钱包;首山钱包;首金金融,0,0
155323392,182,128,51人品;51信用卡管家;E人一铺;PPmoney理财;PP基金理财;P兜理财;e周行;一两理财;一鼎理财;中业兴融;中国银行手机银行;中融投;京东金融;人人贷WE理财;人众金服理财投资;亿基金;今日捷财活期理财;今金贷;付融宝;佑米金融;你我贷理财;八条鱼理财;凤凰金融;创客金融;利民网;华人金融;口袋理财;叮咚钱包;可溯金融;君融贷理财;唐小僧理财;团贷网理财;固金所;国美黄金;城城理财;壹佰金融;壹钱包;多多理财;大圣理财;天天红包;好车贷理财;宜人理财;宝宝钱包;宝象金融;小牛在线;小米金融;小诸葛金服;小财迷;小资钱包;小金理财;平安财富宝;微贷网;惠盈理财;懒投资;懒财网理财;投哪网理财;投融家理财;抱财网投资理财;拍拍贷理财;拓道金服;掌悦理财;支付宝;新联理财软件;易投资;易通贷理财;晋商贷;晋商贷旧版;普汇云通;智远一户通;有融网理财;民贷天下理财;永利宝;活期王;海星宝理财;海象理财;温商贷理财;火理财;火钱理财;点融网理财;熊猫金库;爱利是;爱贷网;爱钱进;牛板金;玖富钱包;珠宝贷;理想宝;生菜金融;真融宝理财;秒钱;积木盒子;紫马财行;网信理财;网利宝;网商银行;联璧金融;聚胜财富;聚财猫理财;草根投资;荷包;蜂投理财;诚信贷;诺诺镑客;贝米钱包;财神爷爷;金信宝;金投手;金梧桐;金融工场;金银猫;金香黄金;鑫聚财;钱内助理财;钱吧金融理财;钱时代理财;钱牛牛理财;钱盆网;钱香金融;银多网;银客网;银票理财;银豆网;陆金所;随手记理财记账;雪山贷;鲤鱼理财;鲸鱼宝理财;黄金钱包,0,0
155405999,240,167,2345贷款王;360借条;360贷款导航;51人品贷;51信用卡管家;51速贷;51零用钱;7贷;91借钱极速放款;Go贷;U族;万达贷;专科贷;中信银行动卡空间;中国工商银行;中国建设银行;中国银行;中安信业小额贷款;么么钱包;云科贷;交通银行;享宇钱包;京东金融;京东钱包;亲亲小贷;优啦金融;你我贷借款;信用白条;信而富;信通袋分期;借吧易贷;借得快;借点钱贷款;借财童子贷款;借贷宝;借钱帮;借钱快;先花一亿元;先花钱;光速借款;农行掌上银行;分美工薪版;刷脸贷;功夫贷;千百块;卡卡借;卡牛信用卡管家;原子贷;及贷;取点;向钱贷;嗨贷款;多多付钱包;大小贷;大额贷闪银;好借;好钱包;安逸花贷款;宜人贷借款;容易借钱;小期贷;小牛速贷;小狐分期;小花钱包;小虾借钱;小雨点网贷;工银融E联;布丁小贷;平安天下通;平安普惠;微当钱包;快分期;快来贷;快贷-贷款借钱网贷;快金;快钱钱包;快闪现金;急用钱ATM;惠贷款;我来贷;房速贷;手机贷（借款版）;拉卡拉;拍分期;拍拍贷借款;指尖贷;指尖钱包;挖财信用卡管家;捷信福贷;捷信金融;支付宝;新易贷微贷款;无忧借条;星星钱袋;暖手好贷;暖薪贷;有钱用;来借钱;来分期;松鼠贷;极速钱包;江湖救急;潘看;灵云速贷;点融网理财;爱信钱包;牛呗借款借钱;猪宝钱包;玖富万卡;玖富叮当;现金借款;现金奶牛;现金巴士;现金快贷;现金急速贷;现金白卡;现金超人;现金转转;现金速递;现金飞速达;用钱宝;白花花;益投资;秒借;秒白条;秒贷款;米粒白条;缺钱么;美借;翼支付;翼钱包;考拉征信;芝麻小金;花薪闪借;菠萝贷;虾球借钱;蚂蚁信贷;融360;财小仙小额贷;财滚滚;贷上钱;贷款黑卡;超快客贷;趣还钱;轻松有钱;达飞云贷;迅借贷;还还;钱嗖嗖;钱夹子;钱急送;钱有路;钱站;银钱铺子;闪借款;闪电借款;闪贷;闪贷侠;闪贷超人;闪银;随手借;顺借;飞贷;马上贷;魔借;魔法现金借款;麦芽贷,0,0
155417031,166,103,2345贷款王;51信用卡管家;一账通;万达贷;中国工商银行;中国建设银行;交通银行;京东金融;京东钱包;任性付;任我贷;你我贷借款;信而富;借吧易贷;借点钱贷款;借贷宝;借钱快;先花一亿元;农行掌上银行;功夫贷;千百块;卡卡贷;卡牛信用卡管家;原子贷;向钱贷;国众宝;奇速贷;如意借;安家派;安逸花贷款;宋江贷;宜人贷借款;小狐分期;小花钱包;小葱钱包;小赢理财;小钱;工银融E联;布丁信用;布丁小贷;平安普惠;开薪贷;快客贷;快金;快闪现金;急用钱ATM;我来贷;手机贷（借款版）;拉卡拉;拍拍贷借款;指尖贷;支付宝;放心花;无忧借条;星星钱袋;曹操贷;有贝钱袋;民生信用卡;淘钱宝;潘看;爱贷借款;牛人贷;玖富万卡;现金巴士;现金白卡;现金速递;用钱宝;省呗;秒白条;米米贷;缺钱么;美借;莫愁花;莫愁花极速版;虾球借钱;融360;豆豆钱;贝多多;财主贷;贷你嗨;贷款助手;赞分期;趣救急;趣还钱;还呗;速借钱;钱到到分期;钱有路;钱相随;钱站;铜钱贷;银信付;闪电借款;闪电分期;闪钱包;闪银;陆金所;随手借;靓号贷;顺借;领钱;魔法现金借款;麦芽贷,0,0
155547224,178,109,51人品;51人品贷;51信用卡管家;51速贷;51零用钱;NPOS;万达贷;三文钱;中华贷款;中国工商银行;中国建设银行;中国银行;京东金融;亲亲小贷;人人花;你我贷借款;借乐花;借得快;借财童子贷款;借钱快;先花一亿元;先花钱;农行掌上银行;功夫贷;千百块;卡卡借;卡卡贷;卡牛信用卡管家;厚钱包;原子贷;及贷;向钱贷;啪啪钱包小额借贷;多享金汇;头号钱庄;好易借;宜人贷借款;容易借钱;小米金融;小花钱包;小赢卡贷;小钱;布丁小贷;平安普惠;平安金管家;快贷-贷款借钱网贷;快速借款;快钱钱包;快闪现金;急借通;急用钱ATM;拉卡拉;招商银行掌上生活;指尖钱庄;挖财信用卡管家;捷信福贷;捷信金融;支付宝;星星钱袋;暖薪贷;月光侠;月光宝盒;有贝钱袋;有钱用;来分期;极速钱包;江湖救急;潘看;爱信钱包;牛呗借款借钱;猎豹极速贷;玖富万卡;玖富叮当;现金在线;现金快贷;现金白卡;秒白条;米米贷;网贷小猫;美借;翼支付;考拉征信;芝麻小金;花点借款;莫愁花;虾球借钱;蚂蚁信贷;融360;财主贷;财滚滚;贷上钱;贷款123;超快客贷;趣还钱;还还;速贷信用卡借款贷款神器;钱到到分期;钱嗖嗖;钱有路;钱牛速贷;钱站;银信付;闪电猫;闪贷侠;闪贷超人;闪银;顺借;马上贷;魔法现金借款,0,0
155724184,190,119,51人品;51信用卡管家;E都市钱包;P兜理财;一仟金融;中业兴融;中国工商银行;中国银行手机银行;乾道金融;人人爱家金融;人人贷WE理财;你我贷理财;借贷宝;光大分利宝;光大银行手机银行;养老宝;华侨宝理财;华信现金宝;华夏基金管家;华夏银行;华赢宝;南方基金客户端;友金所;可溯金融;唐小僧理财;善林宝;固金所;国泰基金;国美黄金;多多理财;多融理财;多财宝;天安金交中心;好好理财;妙资理财;宝宝钱包;小牛在线;小米金融;小鱼bank;工银融E联;巧刷信用卡;幕客;平安信用卡;平安天下通;平安花生理财;广东华兴银行;广发基金;广发手机银行;建信基金;微众银行-金融基金投资理财微粒贷;微贷网;快点理财;快车财富;快钱钱包;懒财网理财;房金网;才米公社;抓钱猫理财投资;抱财网投资理财;招商贷;招商银行;挖财宝;掌上基金;操盘侠;方元金服;星火钱包;桔子理财;沃百富;浦发手机银行;渝金所;滚雪球基金;滚雪球理财;火钱理财;点点搜财;点牛金融;熊猫金库;爱钱进;现金宝;理财范;甜橙理财;百度理财;盈盈理财;盈码基金;石头客;票票喵理财;秒钱;积木盒子;立诚贷;立马理财（网易出品-理财、投资、银行）;网信理财;网利宝;网易金融;翼支付;聚爱财;聚胜财富;草根投资;荷包;菠萝贷;蛋卷基金;融通基金;财富派;财路通理财;财金圈;途牛金服;金e融;金联储;金蛋理财;金融圈理财;金香黄金;钱大掌柜;钱妈妈理财;钱牛牛理财;银多网;银承派理财;银湖理财;陆金所;随手记理财记账;零用贷理财;领投鸟理财,0,0
155904896,183,143,51人品;51信用卡管家;54贷客理财;E都市钱包;P2P理财;PPmoney理财;e周行;东方财富网;中e财富;中业兴融;中国工商银行;中国建设银行;中国银行手机银行;中融投;乐金所;互融宝;交通银行;京东金融;人人爱家金融;人人贷WE理财;今金贷;仟金所;你我贷理财;农泰金融;前海航交所;华侨宝理财;华融道理财;南方基金客户端;友金所;口袋理财;同花顺手机炒股股票软件;向上理财;嘻牛基金;固金所;壹钱包;多多理财;多融理财;天天基金网;好车贷理财;宜人理财;宜贷网;宝象金融;小牛在线;小米金融;小诺理财;小财迷;小赢理财;工银融E联;平安证券;广信贷;广发证券易淘金;广银信用卡;廊坊直销银行;建信基金;微贷网;微金所;念钱安;恒大金服;惠农聚宝;惠民益贷;惠金所;懒财网理财;才米公社;投融资平台;抱财网投资理财;拍拍贷理财;招商贷;招招理财;指旺理财;挖财宝;捞财宝;搜狐搜易贷理财;摇财树网贷;新联理财软件;普汇云通;普资华企;智融会;有融网理财;桔子理财;欢乐合家理财;汇盈金服;沃百富;海金所;海银会;温州贷;熊猫金库;爱钱进;理想宝;理财范;瑞钱宝;甜橙理财;生菜金融;百金贷;真融宝理财;石油宝;礼德财富;秒钱;立马理财（网易出品-理财、投资、银行）;粤商贷理财;精融汇;绿化贷;网信理财;网利宝;网贷天眼;美美金融;翼支付;翼龙贷;联璧金融;联连理财;聚爱财;聚胜财富;草根投资;融和财富;融金所投资理财;诺诺镑客;财迷之家;资产家;金e融;金信宝;金投手;金联储;金融圈理财;金融工场;金银猫;钱保姆理财;钱包管家;钱吧金融理财;钱牛牛理财;钱香金融;铜板街_手机理财;银湖理财;银票理财;银联钱包;银豆网;链车金服;陆金所;随手记理财记账;雪山贷;风涌时贷;首金金融;黄金钱包;黄金钱庄;鼎有财,0,0
155957102,190,128,2345贷款王;360借条;360贷款导航;51人品贷;51借款贷款;51零用钱;91借钱;91借钱极速放款;CARD CASH;上海银行;下钱快;中腾信贷;京东金融;人人花;你我贷借款;你我金融;信而富;信闪贷;借乐花;借了吗贷款;借大师;借得快;借有道;借点钱贷款;借贷宝;借钱花呗;光速贷款;农行掌上银行;功夫贷;卡卡贷;卡牛信用卡管家;厚钱包;原子贷;及贷;口袋钱包;向钱贷;大小贷;好易借;好贷;安家派;安逸花贷款;宜人贷借款;容易贷信用贷款;小小金融;小红理财;小花钱包;小赢卡贷;布丁信用;布丁小贷;帮你借;平安信用卡;平安普惠;快乐达贷款;快易花贷款;快来贷;快贷;快钱钱包;恒易贷;我来贷;手机贷（借款版）;打个借条;拍拍贷借款;拿下钱包;指尖贷;捷信福贷;搜贷天下;新易贷微贷款;星星钱袋;曹操贷;有鱼贷款;来分期;极速贷;极速钱包;欢乐贷;民生信用卡;水象借点花;沃钱包;浙商信用卡;灵云速贷;点融网理财;爱钱进;猪宝钱包;玖富万卡;玖富叮当;玖富钱包;现金之家;现金借款;现金巴士;现金快车;现金白卡;现金超人;现金速递;瓜牛钱包;益投资;省呗;秒白条;秒贷;米米贷;缺钱么;网易贵金属;美借;考拉征信;芝麻好贷;菠萝贷;融360;读秒;豆豆钱;贷上钱;贷你嗨;贷吧;贷嘛;贷款60秒;贷款宝借款;贷款钱包;趣还钱;还呗;还还;钱到到分期;钱嗖嗖;钱急送;钱有路;钱站;闪借款;闪电借款;闪电贷;闪银;魔法现金借款;麦芽贷,0,0
156053870,192,117,51人品;51信用卡管家;56理财;PPmoney理财;中业兴融;中信银行动卡空间;中国建设银行;乐视金融;京东金融;京东钱包;人人贷WE理财;人众金服理财投资;今日捷财活期理财;你我贷理财;信用宝;储蓄罐（腾讯投资的理财神器）;农行掌上银行;凤凰金融;前海航交所;华人金融;华侨宝理财;友金所;口袋理财;合盘理财;向上理财;和信贷理财;哈尔滨银行;团贷网理财;多多付;好车贷理财;妙资理财;威士金服;宏鑫宝;宜人理财;宜贷网;小微金融;小诸葛金服;小财迷;小赢理财;平安财富宝;广金所;开鑫金服;微贷网;恒大金服;才米公社;抓钱猫理财投资;投哪网理财;投融家理财;抱财网投资理财;拍拍贷理财;招商银行掌上生活;挖财信用卡管家;搜狐搜易贷理财;摇财树网贷;支付宝;新联理财软件;普汇云通;有利网理财;有融网理财;民生信用卡;民生银行手机银行;民贷天下理财;汇通易贷V3;泰然城;泰金所;洋钱罐理财;浦发信用卡;浦发手机银行;海融易;温商贷理财;点牛金融;点融网理财;爱钱进;牛板金;珠宝e贷;理财范;瑞钱宝;盈盈理财;短融网理财;石头理财;票据宝金融;立诚贷;立马理财（网易出品-理财、投资、银行）;米庄理财;米金社;红岭创投;网信理财;网利宝;美美理财;翼支付;翼龙贷;聚宝R;聚财猫理财;草根投资;荷包;融360;融金所投资理财;诺诺镑客;财理你投资理财;财路通理财;金狗狗;金联储;金融圈理财;金钱谷;鑫合汇理财;钱内助理财;钱吧金融理财;钱庄理财;铜板街_手机理财;银商全民付;银客网;银狐财富;银联钱包;银豆网;阳光惠生活;麻袋理财;黄河金融,0,0
156095450,203,126,360借条;360贷款导航;51信用卡管家;51快贷;51短期贷;51零用钱;中国工商银行;中国建设银行;中国银行手机银行;乐宝袋;享宇钱包;京东金融;亲亲小贷;任性付;你我贷借款;你我金融;信用白条;信用花贷款借贷神器;信美分期;信而富;借么;借乐花;借了吗贷款;借有道;借点钱贷款;借财童子贷款;借贷宝;先花一亿元;农行掌上银行;功夫贷;卡卡借;卡卡生活;卡卡贷;口袋钱包;同牛贷;向钱贷;员工贷;城市贷;多享金汇;多借;天天富;奇速贷;好易借;好钱包;安逸花贷款;小借贷;小期贷;小花钱包;小葱钱包;小赢卡贷;小钱;工银融E联;平安普惠;快金;快钱钱包;急借通;急用钱ATM;我来贷;手机贷（借款版）;拉卡拉;拍拍贷借款;拿下钱包;指尖贷;挖财信用卡管家;易融贷;星星钱袋;暖薪贷;有贝钱袋;杏仁钱包;来分期;极速钱包;水象借点花;江湖救急;浦发信用卡;潘看;灵云速贷;猪宝钱包;玖富万卡;玖富叮当;现金借款;现金口袋;现金巴士;现金快贷;现金快车;现金白卡;现金速递;瓜牛钱包;用钱宝;益投资;秒借;秒白条;米米贷;缺钱么;网商银行;网易金融;芝麻小金;芝麻白条;花无缺借款;蚂蚁信贷;融360;读秒;豆豆花;财小仙小额贷;财滚滚;贷上钱;贷你嗨;贷款钱包;贷款黑卡;达飞云贷;还借钱;还呗;速米袋;钱嗖嗖;钱急送;钱有路;钱站;钱米钱包;闪电借款;闪贷;闪贷侠;闪银;随行付商务版;魔法现金借款;魔法钱包;麦粒贷;麦芽贷,0,0
156193611,212,130,51人品;51人品贷;51零用钱;一证贷;万达贷;中国建设银行;中安信业小额贷款;中邮钱包;乐宝袋;乐贷款;亲亲小贷;任性付;你我贷借款;你我贷理财;你我金融;信用白条;信而富;借乐花;借得快;借点钱贷款;借钱快;借钱花呗;先花一亿元;功夫贷;千百块;厚钱包;及贷;发薪贷;名校贷白领版分期贷款;向钱贷;啪啪钱包小额借贷;壹贰钱包;多多付钱包;大小贷;天天基金网;天弘爱理财;好易借;安家派;容易借钱;小树时代;小米贷款;小米金融;小葱钱包;小钱;差钱吗贷款;布丁信用;布丁小贷;平安金管家;开心钱包;快来贷;快贷-贷款借钱网贷;快速借款;快钱钱包;急用钱ATM;恒易贷;我来贷;手机贷（借款版）;打个借条;拍拍贷借款;拍拍贷理财;招联好期贷;指尖钱包;捷信福贷;支付宝;新易贷微贷款;新浪有借;星星钱袋;有贝钱袋;有钱用;来分期;松鼠贷;极速借条;极速钱包;水象借点花;海牛钱包;火贷款手机借钱;灵云速贷;猪宝钱包;玖富万卡;玖富钱包;现金巴士;现金快贷;现金白卡;现金贷;现金转转;白花花;秒白条;秒贷贷款;秒钱;移动手机贷;简借贷款;米发钱包;米米贷;缺钱么;网商银行;翼龙贷;考拉征信;芝麻借钱;花无缺上班贷;花无缺借款;莫愁花;菠萝贷;蓝领贷;读秒;豆豆钱;财小仙小额贷;贷上钱;贷款123;贷贷款;贷贷看;贷钱走借款;还呗;速贷之家贷款;钞市;钱到到分期;钱包贷;钱包闪贷;钱嗖嗖;钱急送;钱有路;钱站;闪电借款;闪银;陆金所;随手借;随指贷;飞贷;魔借;魔法现金借款;麦芽贷,0,0
156268546,203,112,2345贷款王;51人品;51人品贷;51信用卡管家;51借款贷款;51借钱;51速贷;51零用钱;万达贷;中国工商银行;中国银行手机银行;中邮钱包;九秒贷;云科贷;亲亲小贷;人人花;任性付;你我贷借款;信用贷款;信美分期;信而富;借乐花;借有道;借贷宝;借钱快;先花一亿元;先花钱;光大银行手机银行;光速借款;农行掌上银行;分期贷;功夫贷;千百块;卡卡贷;卡牛信用卡管家;原子贷;发薪贷;同牛贷;向钱贷;员工贷;大小贷;好付钱包;安逸花贷款;宜人贷借款;小树时代;小米金融;小赢卡贷;小雨点网贷;平安金管家;开心钱包;快贷-贷款借钱网贷;快速借款;我来贷;手机贷（借款版）;拉卡拉;拍拍贷借款;招商银行;招商银行掌上生活;拿下钱包;指尖贷;指尖钱包;支付宝;新易贷微贷款;暖手好贷;有贝钱袋;有钱用;来分期;极速钱包;水象借点花;江湖救急;浦发信用卡;浦发手机银行;潘看;爱信钱包;猪宝钱包;玖富万卡;玖富叮当;玖富钱包;现金借款;现金巴士;现金快车;现金速递;瓜牛钱包;用钱宝;省呗;秒下款;秒白条;米米贷;缺钱么;缺钱么极速版;美借;花无缺借款;蓝领贷;融360;豆豆钱;贝壳钱包;贷上钱;贷你嗨;还呗;迪迪好贷;邮储银行;钱包贷;钱急送;钱有路;钱站;闪电借款;闪电宝;闪银;阳光惠生活;随手借;魔法现金借款;鼎及贷,0,0
156303203,188,102,2345贷款王;51人品;51信用卡管家;51速贷;91借钱极速放款;PP分期;一账通;中国工商银行;中国建设银行;中国银行手机银行;中邮钱包;京东金融;任性贷借款;众安;优啦金融;你我贷借款;你我金融;信用白条;信而富;借点钱贷款;借钱快;功夫贷;华夏银行;卡牛信用卡管家;原子贷;及贷;发薪贷;同牛贷;向钱贷;城市贷;壹钱包;奇速贷;好钱包;宜人贷借款;容易借钱;小花钱包;小赢卡贷;工银融E联;平安信用卡;平安口袋银行;平安天下通;平安普惠;平安金管家;广发手机银行;开心钱包;微众银行-金融基金投资理财微粒贷;微贷;快贷-贷款借钱网贷;快钱钱包;快闪现金;我来贷;手机贷（借款版）;投资大师;拉卡拉;拍拍贷借款;挖财信用卡管家;掌证宝;支付宝;曹操贷;有贝钱袋;来分期;极速贷;极速钱包;浦发信用卡;点融网理财;牛呗借款借钱;玖富万卡;现金借款;现金白卡;现金超人;现金速递;用钱宝;省呗;秒白条;米米贷;网商银行;美借;翼钱包;考拉征信;花钱无忧;蓝领贷;蚂蚁聚宝;融360;诚钱包;贷上钱;贷嘛;贷款黑卡;还呗;还还;速贷之家贷款;邮储银行;钱包闪贷;钱站;钱罐子;铜钱贷;闪贷;闪银;阳光惠生活;飞贷;魔借;魔法现金借款;麦芽贷,3,33180
156390290,191,139,2345贷款王;360借条;51人品贷;51信用卡管家;51借款;51零用钱;7贷;NPOS;一证贷;万达贷;中信银行动卡空间;中原消费金融;中国工商银行;中国建设银行;中安信业小额贷款;中邮钱包;丽人荟;亲亲小贷;人人贷借款;任性付;优啦金融;你我贷借款;你我金融;信用卡借款;信而富;信通袋分期;借乐花;借了吗贷款;借得快;借点钱贷款;借花花;借贷宝;先花一亿元;功夫贷;包银消费;南瓜快贷;卡卡贷;卡牛信用卡管家;原子贷;及贷;发薪贷;名校贷;向钱贷;城市贷;大小贷;好贷;安家派;安逸花贷款;宋江贷;宜人贷借款;容易贷信用贷款;小期贷;小树时代;小牛速贷;小花钱包;小赢卡贷;小钱;工资钱包;工银融E联;差钱吗贷款;布丁小贷;平安普惠;快钱钱包;我来贷;手机贷（借款版）;打个借条;拉卡拉;拍分期;拍拍贷借款;招商银行;指尖钱包;挖财信用卡管家;新易贷微贷款;新浪有借;无忧借条;易快借;星星钱袋;暖薪贷;曹操贷;杏仁钱包;民生易贷;浦发手机银行;淘钱宝;猫粒贷贷款;玖富万卡;玖富叮当;现金借款;现金巴士;现金白卡;现金贷;现金贷信用卡借款;现金贷款;现金超人;用钱宝;省呗;秒借信用贷款借款;秒白条;秒贷贷款;积木盒子;移动手机贷;米米贷;缺钱么;美借;翼支付;花无缺借款;菠萝贷;蓝领贷;蚂蚁信贷;融360;融360贷款;读秒;豆豆钱;贷上钱;贷嘛;贷款;贷款啦;贷款宝借款;贷款管家;贷款黑卡;贷贷款;赫美易贷;达飞云贷;还呗;还还;速贷无忧;钱包贷;钱急送;钱有路;钱站;铜钱贷;闪电借款;闪贷;闪银;随手借;随手记理财记账;飞贷;马上贷;魔法现金借款;麦芽贷,0,0
156642241,177,117,2345贷款王;360借条;360贷款导航;51人品;51人品贷;51信用卡管家;51短期贷;51零用钱;NPOS;一证贷;下钱快;中国工商银行;京东金融;京东钱包;亲亲小贷;你我贷借款;信用白条;信用花贷款借贷神器;信而富;借了吗贷款;借大师;借得快;借有道;借点钱贷款;借钱快;先花一亿元;卡卡生活;卡卡贷;卡牛信用卡管家;厚钱包;及贷;发薪贷;合众e贷;同牛贷;向钱贷;啪啪钱包小额借贷;大小贷;奇速贷;好易借;好贷款;宋江贷;宜人贷借款;小花钱包;小赢卡贷;小雨点网贷;工资钱包;工银融E联;布丁小贷;平安普惠;幺幺玖钱包;微盟贷款王;快贷-贷款借钱网贷;快钱钱包;急用钱ATM;房速贷;拉卡拉;拍拍贷借款;指尖贷;指尖钱包;挖财信用卡管家;捷信金融;支付宝;星星钱袋;曹操贷;有贝钱袋;杏仁钱包;来借钱;极速钱包;武汉农村商业银行;浦发信用卡;浦发手机银行;玖富万卡;玖富叮当;现金借款;现金巴士;现金白卡;现金贷贷款;现金速递;瓜牛钱包;用钱宝;益投资;省呗;秒白条;米米贷;米粒白条;缺钱么;网商银行;考拉征信;花无缺借款;花薪闪借;花钱无忧;虾球借钱;豆豆花;豆豆钱;贝壳钱包;贷上钱;贷你嗨;贷款助手;贷款黑卡;趣还钱;还呗;还还;速借钱;速贷之家贷款;速贷信用卡借款贷款神器;速贷宝;钞市;钱急送;钱有路;钱站;闪电借款;闪贷;闪银;阳光惠生活;随手借;魔法现金借款;麦芽贷,0,0
156943010,208,122,2345贷款王;360借条;360贷款导航;51信用卡管家;51借款;51速贷;51零用钱;U族;中国工商银行;乐宝袋;乐贷款;交通银行;享宇钱包;京东金融;亲亲小贷;人人花;人人贷借款;优啦金融;你我贷借款;你我金融;信分宝;信用白条;信而富;信贷通;借吧微贷;借点钱贷款;借的快;借财童子贷款;借钱吧;借钱快;借钱白条;八借贷款;功夫贷;千百块;卡卡贷;卡牛信用卡管家;去哪儿借;向钱贷;多享金汇;大小贷;奇速贷;好贷款;好钱包;安逸花贷款;宜人贷借款;小米金融;小花钱包;小钱;工银融E联;布丁小贷;平安普惠;广发手机银行;微速贷;快速借款;快钱钱包;急借通;惠借宝;手机贷（借款版）;打工贷;拍分期;拍拍贷借款;招商银行;指尖贷;指尖钱包;支付宝;新易贷微贷款;星星钱袋;曹操贷;有贝钱袋;有钱用;来借钱;来分期;极速贷;极速钱包;水象借点花;灵云速贷;猎豹极速贷;猫粒贷贷款;玖富万卡;玖富叮当;玖富钱包;现金借款;现金分期;现金口袋;现金巴士;现金快贷;现金秒贷;现金速递;用钱宝;秒借;秒白条;米粒白条;绿洲闪贷;缺钱么;网商银行;网易金融;美借;芝麻白条;莫愁花极速版;虾球借钱;融360;读秒;豆豆钱;贷上钱;贷我飞;贷钱走借款;赞分期;速贷宝借款;邮乐金融;钱到到分期;钱包贷;钱包闪贷;钱急送;钱有路;钱站;闪电借款;闪电借钱花;闪电分期;闪银;顺借;麦芽贷;鼎及贷,0,0
157023351,188,112,2345贷款王;360借条;360贷款导航;51信用卡管家;51零用钱;中国建设银行;中邮网;中邮钱包;乐贷款;亲亲小贷;人人花;人人贷借款;众鑫玩卡;你我贷借款;你我贷理财;你我金融;信闪贷;借乐花;借得快;借有道;借款宝;借款王信用贷款;借贷宝;值得借;光速贷;千百块;原子贷;去哪儿借;及贷;向钱贷;啪啪钱包小额借贷;多多付钱包;奇速贷;好又贷借款;好易借;容易贷信用贷款;小米金融;小花钱包;小资钱包;差钱吗贷款;布丁小贷;平安普惠;微盟贷款王;快贷-贷款借钱网贷;快速借款;快金;急用钱ATM;手机贷经典版;手机贷（借款版）;打个借条;拍拍贷借款;拿下钱包;指尖贷;支付宝;救急钱包;新浪有借;无忧借条;曹操贷;月光侠;月光蓝卡;有贝钱袋;有钱宝;有钱用;水象借点花;火贷款手机借钱;灵云速贷;爱信钱包;猪宝钱包;现金借款;现金巴士;现金快贷;现金快车;现金易贷;现金白卡;现金贷;现金超人;现金速递;瓜牛钱包;用钱宝;省呗;秒白条;米米贷;米粒白条;缺钱么;花钱无忧;莫愁花;虾球借钱;融360;读秒;财付通;贷上钱;贷嘛;贷款123;贷款60秒;贷款侠借款;贷款钱包;贷贷款;趣还钱;轻松有钱;通联钱包;钱包贷;钱急送;钱有路;闪电借款;闪银;随手借;飞贷;马上借;魔法现金借款;魔法钱包;麦粒贷;麦芽贷,0,0
157248345,201,138,2345贷款王;360借条;51人品;51信用卡管家;51零用钱;91借钱极速放款;V贷;中信银行;中信银行动卡空间;中国建设银行;九秒贷;乾包;享宇钱包;京东金融;京东钱包;亲亲小贷;人人爱家金融;人人贷借款;任性付;众可贷分期;你我贷理财;你我金融;信用卡还呗;信用宝;借么;借乐花;借得快;借花花;借贷宝;借钱花呗;借顺贷;先花一亿元;光速贷;分期贷;千百块;华夏壹分期;南瓜快贷;卡卡贷;卡宜贷;发薪贷;取点;口袋钱包;合花易贷;吉信敢贷;向钱贷;员工贷;啪啪钱包小额借贷;嗨皮贷;壹钱包;大小贷;安逸花贷款;宜人贷借款;小狐分期;小花钱包;小钱;小雨点网贷;平安普惠;快客贷;快贷-贷款借钱网贷;快速借款;快钱钱包;急借通;急用钱ATM;我来贷;手机借钱信用贷款分期;手机贷经典版;打工贷;拉卡拉;拍分期;拍来贷;指尖贷;指尖钱包;支付宝;新易贷微贷款;时贷;星星钱袋;月光侠;有贝钱袋;来分期;极速贷;水象借点花;潘看;潮贷;牛人贷;牛呗借款借钱;玖富万卡;现金e贷;现金快贷;现金钱包;用钱宝;申金贷;省呗;秒白条;秒贷;积木盒子;米米贷;米粒白条;绿洲闪贷;美借;翼支付;考拉征信;芝麻现金;薪水贷;虾球借钱;读秒;豆豆花;贝米钱包;财小仙小额贷;贷上钱;贷你嗨;贷款123;贷款王借钱借款;贷贷款;赞分期;超速贷;趣救急;趣还钱;达飞云贷;还借钱;还呗;还还;速拿钱;速贷信用卡借款贷款神器;钞市;钱急送;钱有路;钱站;钱米钱包;闪电借款;闪银;阳光惠生活;随手借;随易速贷;靓号贷;靠谱分期贷;顺借;顺手付钱包;飞贷,0,0
157312871,177,117,2345贷款王;360借条;360贷款导航;51零用钱;中国工商银行;中国建设银行;中国银行手机银行;中安信业小额贷款;丽人荟;交通银行;交通银行信用卡优惠;京东股票;京东金融;京东钱包;任性贷借款;佰仟分期购;信用卡借钱;信用贷款;信而富;借乐花;借了吗贷款;借款王信用贷款;借点钱贷款;借花花;借贷宝;借贷钱包;借顺贷;公积金贷款;卡卡贷;卡牛信用卡管家;厚钱包;及贷;发薪贷款借钱;同牛贷;向钱贷;周薪薪;大小贷;安家派;宜人贷借款;小星钱包;小花钱包;工银融E联;帮你借;平安保险精选;平安普惠;平安金管家;广东农信;广发手机银行;微盟贷款王;微贷网;快贷;快速借款;急用钱ATM;手机贷款;手机贷（借款版）;招商银行;拿下钱包;指尖贷;指尖钱包;星星钱袋;暖手好贷;暖薪贷;有贝钱袋;杏仁钱包;来分期;极速借款;水象借点花;沃钱包;消费贷百事通;淘分期贷款;淘钱宝;灵云速贷;玖富叮当;玖富钱包;现金借款;现金加油站;现金巴士;现金白卡;现金贷;现金贷贷款;现金超人;现金超市;现金飞速达;用钱宝;简借贷款;缺钱么;美借;芝麻现金;花无缺上班贷;薪借贷;融360;读秒;豆豆钱;财小仙小额贷;财鸟贷款;贷上钱;贷你嗨;贷嘛;贷款60秒;贷款宝借款;贷款钱包;身份证贷款;速贷之家贷款;钞市;钱包贷;钱嗖嗖;钱妈妈;钱急送;钱站;闪电借款;闪贷;闪银;随手借;随易速贷;马上贷;魔借;麦芽贷,0,0
157317337,211,129,2345贷款王;360贷款导航;51人品;51人品贷;51信用卡管家;51借呗;51卡宝;51零用钱;Go贷;U族;一账通;万达贷;世海信贷;中信银行动卡空间;中国建设银行;云科贷;五一钱包;亲亲小贷;你我贷借款;你我贷理财;信用白条;信用花贷款借贷神器;信用雷达;信用飞;信而富;信通袋分期;借款专家;借贷宝;借钱快;先花一亿元;先花钱;全能借款;兴业银行;卡卡贷;卡牛信用卡管家;厚钱包;原子贷;及时雨贷款;及贷;口袋钱包;名校贷白领版分期贷款;向钱贷;国众宝;壹贰钱包;多多付钱包;好易借;好钱包;如意借;宜人贷借款;容易贷信用贷款;小牛速贷;小米贷款;小花钱包;小赢卡贷;小雨点网贷;差钱吗贷款;布丁信用;布丁小贷;帮帮钱包;平安信用卡;平安普惠;平安金管家;开心钱包;微当钱包;微贷;快来贷;快贷-贷款借钱网贷;快速借款;快金;快钱钱包;快闪现金;愚人贷;我来贷;手机贷（借款版）;拉卡拉;拍拍贷借款;招商银行;指尖钱庄;挖财信用卡管家;支付宝;新易贷微贷款;时贷;易快借;星星钱袋;极速钱包;民生信用卡;民生银行手机银行;浦发信用卡;浦发手机银行;潮贷;牛呗借款借钱;玖富万卡;玖富叮当;现金在线;现金奶牛;现金快车;现金白卡;百贷宝;秒出钱;秒贷;缺钱么;网贷小猫;美借;考拉征信;蓝莓钱包;薪粤我来贷;融360;豆豆钱;贝才;贷上钱;贷你嗨;贷钱走借款;趣还钱;趣钱包;达飞云贷;速贷之家贷款;速领薪;量子借款;钞市;钱包管家;钱急送;钱站;钱米钱包;闪电借款;闪银;随心时贷;随手借;马上贷;魔借,0,0
157400273,301,200,2345贷款王;360借条;360贷款导航;51人品;51人品贷;51信用卡管家;51借你钱;51借点花花;51现金贷;51零用钱;91极速贷;万达贷;下钱快;世海信贷;中信银行动卡空间;中国工商银行;中国建设银行;中邮钱包;乐宝袋;乐贷款;五一钱包;京东金融;亲亲小贷;人人贷借款;任性贷借款;你我贷借款;你我贷理财;佰仟分期购;依米钱包;信用白条;信用花贷款借贷神器;信而富;信而富钱包;借了吗贷款;借得快;借易得;借易贷;借有道;借点钱贷款;借财童子贷款;借贷宝;借钱快;借顺贷;值得借;先花一亿元;光速贷款;分期贷;刷脸贷;功夫贷;华融钱包;卡卡生活;卡卡贷;卡牛信用卡管家;厚钱包;原子贷;及时贷借款贷款;及贷;发薪贷;名校贷白领版分期贷款;向钱贷;啪啪钱包小额借贷;壹钱包;大小贷;天天富;奇速贷;好钱包;安家派;安逸花贷款;宜人贷借款;小期贷;小瑞快贷;小花钱包;小贷鼠;小赢卡贷;小钱;工银融E联;布丁小贷;平安普惠;开心钱包;快来贷;快贷-贷款借钱网贷;快速借款;快钱钱包;快闪现金;急借通;急用钱ATM;我来贷;手机贷（借款版）;拉卡拉;拍拍贷借款;招商银行掌上生活;拿下钱包;指尖贷;挖财信用卡管家;捷信福贷;捷信金融;捷现贷;支付宝;无忧借条;星星钱袋;暖手好贷;曹操贷;月光侠;月光蓝卡;有贝钱袋;有钱宝;有钱用;有鱼贷款;杏仁钱包;来借;来借款;来借钱;极速钱包;民生银行手机银行;水象借点花;浦发信用卡;浦发手机银行;潘看;牛呗借款借钱;猪宝钱包;玖富万卡;玖富叮当;玖富钱包;现金侠;现金借款;现金借钱;现金在线;现金奶牛;现金宝;现金巴士;现金快贷;现金快递;现金白卡;现金贷贷款;现金超人;现金超市;现金速递;瓜牛钱包;用钱宝;神速学贷;秒借;秒白条;积木盒子;米多多钱包;米米贷;米粒白条;绿洲闪贷;缺钱么;网商银行;网易贵金属;美借;芝麻借钱;芝麻小金;花无缺上班贷;花花钱包攻略;莫愁花;蚂蚁钱包分期;蜗牛钱包;融360;读秒;豆豆钱;贷上钱;贷你嗨;贷嘛;贷款123;贷款宝借款;贷款钱包;趣分期乐贷款;趣还钱;达飞云贷;还借钱;还呗;还还;速刷理财版;速米袋;速贷之家贷款;钱借你;钱包贷;钱夹子;钱急送;钱有路;钱站;铜钱贷;银钱铺子;闪借款;闪电借款;闪电分期;闪电助学;闪贷;闪贷侠;闪贷超人;闪速贷;闪银;随手借;顺借;飞贷;马上钱包;魔借;魔法现金借款;麦芽贷,0,0
157698102,211,122,2345贷款王;360借条;51人品;51人品贷;51信用卡管家;51卡宝;7贷;91借钱极速放款;一账通;万达贷;中信银行动卡空间;中原消费金融;中国工商银行;中国建设银行;中国银行;中邮钱包;云付;交通银行;京东金融;任我贷;你我贷借款;你我金融;信掌柜;信用白条;信用贷款;信美分期;借乐花;借了吗贷款;借吧快速借款借钱;借钱快;光大银行手机银行;兴业银行;农行掌上银行;功夫贷;卡卡借;卡卡贷;卡牛信用卡管家;厚钱包;原子贷;及贷;名校贷;名校贷白领版分期贷款;向钱贷;啪啪钱包小额借贷;在线金融超市;多享金汇;天天富;安逸花贷款;宜人贷借款;小树时代;小花钱包;小赢卡贷;小钱;工银融E联;平安信用卡;平安口袋银行;平安普惠;平安金管家;广发手机银行;征信管家;快贷-贷款借钱网贷;快钱钱包;手机贷（借款版）;投哪好贷;拉卡拉;拍分期;拍拍贷借款;招商银行;招商银行掌上生活;指尖钱包;挖财信用卡管家;捷信金融;提额神器;支付宝;新易贷微贷款;星星钱袋;有钱用;来分期;松鼠贷;极速钱包;民生银行手机银行;浦发信用卡;淘钱宝;玖富万卡;玖富叮当;玖富钱包;现金借款;现金白卡;现金超人;现金黑卡;用钱宝;省呗;秒借信用贷款借款;秒分钱包;移动手机贷;网商银行;美借;翼支付;考拉征信;花钱无忧;菠萝贷;融360;融360贷款;读秒;豆豆钱;贷上钱;贷呗;贷嘛;贷款黑卡;达飞云贷;还呗;还还;速贷之家贷款;邮储银行;钱站;闪电借款;闪电公积金;闪银;陆金所;马上钱包;魔借;麦芽贷,1,20370
157720740,215,121,51人品;51信用卡管家;一账通;万家贷;万盈金融;东方财富网;中信银行动卡空间;中再融理财;中国工商银行;中国银行手机银行;久信e贷;乐金所;交通银行;人人爱家金融;人人贷WE理财;亿百润;信天游;信融财富;光大分利宝;光大银行手机银行;兴业银行;兴全基金;农行掌上银行;凤凰金融;华侨宝理财;即利宝;厚本金融投资理财;友金所;口袋理财;合拍在线;唐小僧理财;嘉远微银;团贷网理财;外滩云财富;多米金融;大智慧手机炒股软件;天天基金网;央金所理财;妥妥当;宏鑫宝;宜人理财;宝点理财;小诸葛金服;小财迷;小金瓜理财;小鸡理财;工银融E联;幕客;平安证券;平安财富宝;平安金管家;广发手机银行;微贷网;快车财富;恒信易贷;投之家;投融家理财;投融资平台;抢钱通;拍拍贷理财;招商银行;招商银行掌上生活;挖财宝;支付宝;数米基金宝;易通贷理财;晋商贷;有利网理财;来存吧理财;来贝记账;欢乐合家理财;母鸡在线;民信Me金融;民贷天下理财;泰然城;泰金所;浙+银行;浦发手机银行;温商贷理财;温州贷;满兜理财;点点搜财;玖富钱包;珠宝贷;申万宏源赢家理财高端版;益盟操盘手加强版;益盟操盘手（炒股，股票，理财，财务）;石头理财;祺天优贷;立诚贷;立马理财（网易出品-理财、投资、银行）;米袋理财;红岭创投;网信理财;网商银行;网贷天眼;翼支付;翼支付钱包;翼龙贷;考拉理财;聚宝R;股票赢家;蚂蚁聚宝;蜜蜂聚财;融和财富;融金所投资理财;诺诺镑客;财路通理财;达人贷理财;金信宝;金汇金融;金融博士;金融圈理财;鑫合汇理财;钱保姆理财;钱吧金融理财;钱牛牛理财;银狐财富;陆金所;首山钱包;高搜易理财,0,0
157833006,189,119,2345贷款王;360贷款导航;51信用卡管家;51短期贷;51零用钱;91借钱极速放款;U族;三毛借款;下钱快;中国工商银行;中安信业小额贷款;人人花;众安;你我贷借款;信而富;借乐花;借有道;借点钱贷款;借贷宝;借钱宝;借钱易;借钱花;先花一亿元;先花钱;光速借款;光速贷款;全民彩票;农行掌上银行;功夫贷;千百块;南瓜快贷;卡卡贷;卡牛信用卡管家;及时雨贷款;及贷;口袋钱包;名校贷;向钱贷;哪里借贷款;多借;多多付钱包;大小贷;好贷;好钱包;安家派;安逸花贷款;宜人贷借款;容易借钱;小牛速贷;小米金融;小贷在线;小钱;小雨点网贷;差钱吗贷款;布丁小贷;平安普惠;快速借款;快钱钱包;急借通;我来贷;手机贷（借款版）;打个借条;拍拍贷借款;指尖钱包;无忧借条;时时彩助手;星星钱袋;暖手好贷;暖薪贷;有钱嗨;有鱼贷款;来借款;极速贷款小额借款;极速钱包;模拟炒股;潘看;爱钱进;牛呗借款借钱;玖富叮当;现金之家;现金借款;现金奶牛;现金快贷;现金白卡;现金贷;现金贷款;现金贷贷款;现金超人;秒借信用贷款借款;米米贷;米粒白条;缺钱么;翼钱包;老哥帮;聚币;花薪闪借;菠萝贷;虾球借钱;豆豆花;财主贷;财神贷信用借款;贷上钱;贷你嗨;贷款123;贷款钱包;贷钱走借款;赫美易贷;还借钱;还还;速贷之家贷款;钱有路;钱站;闪电借款;闪钱包;闪银;陆金所;青年钱包分期贷款;魔借;魔法现金借款,0,0
157837570,258,170,2345贷款王;51人品;51人品贷;51信用卡管家;51借你钱;51借款贷款;51极速贷款;51短期贷;51蓝领贷;51速贷;51零用钱;MT4;NPOS;万达贷;下钱快;中国工商银行;中国建设银行;中国银行手机银行;中安信业小额贷款;乐宝袋;乐贷款;交易 5;京东金融;京东钱包;亲亲小贷;人人花;众可贷分期;优啦金融;你我贷借款;信用白条;信美分期;信而富;借了吗贷款;借吧易贷;借有道;借款专家;借点钱贷款;借花花;借贷宝;借钱快;先花一亿元;农行掌上银行;功夫贷;千百块;卡卡贷;卡牛信用卡管家;厚钱包;原子贷;及贷;同牛贷;向钱贷;啪啪钱包小额借贷;国众宝;多多付钱包;大小贷;太好借;奇速贷;如意借;安逸花贷款;宜人贷借款;容易借钱;小期贷;小花钱包;小葱钱包;小赢卡贷;小钱;工银融E联;差钱吗贷款;布丁小贷;帮你借;平安普惠;广发手机银行;开心钱包;征信贷款;快客贷;快贷-贷款借钱网贷;快金;快钱钱包;快闪现金;急借通;急用钱ATM;我来贷;手机贷（借款版）;打个借条;拉卡拉;拍拍贷借款;招商银行掌上生活;招赢环球;拿下钱包;指尖贷;捷信福贷;支付宝;星星钱袋;有贝钱袋;杏仁钱包;来借;极速钱包;江湖救急;淘钱宝;火贷款手机借钱;爱钱进;牛牛借吧;玖富万卡;玖富叮当;现金借款;现金在线;现金巴士;现金快贷;现金白卡;现金贷贷款;现金超人;瓜牛钱包;用钱宝;省呗;秒白条;秒贷贷款;米发钱包;米米贷;绿洲闪贷;缺钱么;网商银行;美借;翼龙贷;花无缺上班贷;花花贷;花钱无忧;莫愁花;菠萝贷;蓝领钱包;虾球借钱;融360;融360贷款;读秒;豆豆钱;财主贷;贷上钱;贷你嗨;贷嘛;贷款宝借款;贷款钱包;贷贷看;超好借贷款;超速贷;身份证贷款宝;还呗;速借钱;速贷之家贷款;邮乐金融;钱包贷;钱包闪贷;钱急送;钱有路;钱站;钱箱借贷;钱鱼借贷;闪借款;闪电借款;闪电借钱花;闪电分期;闪电贷;闪贷;闪贷侠;闪速贷;闪银;随手借;零用钱包;靓号贷;顺借;麦芽贷;鼎及贷,0,0
157851479,206,148,1119贷;51人品;51人品贷;51信用卡管家;51借点花花;51短期贷;51零用钱;91极速贷;91贷款;万达贷;中国银行;中国银行手机银行;中安信业小额贷款;乐宝袋;九秒贷;二师兄借款;云科贷;交通银行;人人花;优啦金融;低息贷款;你我贷借款;你我金融;信用白条;信而富;借吧微贷;借得快;借点钱贷款;借财童子贷款;借贷宝;借钱快;借钱无忧;先花一亿元;先花钱;光速贷;光速贷款;公积金借贷;农行掌上银行;功夫贷;千百块;卡卡贷;原子贷;去哪贷;及贷;向右转;向钱贷;啪啪钱包小额借贷;壹贰钱包;好钱包;安逸花贷款;宋江贷;宏岩易借贷;小借贷;小牛速贷;小花钱包;小葱钱包;小赢卡贷;小钱;小额借贷;小额钱袋;布丁小贷;平安普惠;开薪贷;微当钱包;微速贷;快乐钱包;快贷-贷款借钱网贷;快速借款;快钱钱包;急借通;我来贷;拉卡拉;拍分期;拍拍贷借款;拿下钱包;指尖贷;指尖钱包;指尖钱庄;挖财信用卡管家;支付宝;新浪分期提货;无忧借条;易快借;星星钱袋;暖手好贷;月光蓝卡;有贝钱袋;有鱼贷款;来分期;极速借贷;江湖救急;泰融理财;海牛钱包;淘钱宝;潘看;点融借贷;玖富叮当;现金借款;现金奶牛;现金巴士;现金白卡;现金骑士;用钱宝;秒借;米小钱;米米贷;缺钱么;网商银行;美借;翼龙贷借款;胡桃钱包;花钱无忧;菠萝贷;虾球借钱;融360;融360贷款;诸葛钱包;豆豆钱;财滚滚;贷上钱;贷款123;贷款借贷借款借钱快;贷款啦;贷款宝借款;贷款黑卡;贷贷看;贷钱走借款;趣还钱;还还;速贷信用卡借款贷款神器;钱包贷;钱嗖嗖;钱急送;钱有路;钱相随;钱站;钱袋贷小额借款;钱鱼借贷;闪贷;闪速贷;闪钱包;闪银;随我花;雪中金融;顺借;魔法现金借款;麦芽贷;麻利借,0,0
157852403,180,121,2345贷款王;51人品;51人品贷;51零用钱;7贷;PPmoney理财;一账通;三分贷;下钱快;中原银行;中国工商银行;中国建设银行;丽人荟;乐宝袋;云钱袋理财;京东金融;亲亲小贷;人人贷WE理财;人人贷借款;你我贷借款;佰仟分期购;信而富;借乐花;借了吗贷款;借得快;借款王信用贷款;借点钱贷款;借花花;借财童子贷款;借贷宝;借钱宝;借顺贷;先花一亿元;功夫贷;千百块;南瓜快贷;博富我来贷;卡牛信用卡管家;厚钱包;原子贷;去哪贷;及贷;口袋钱包;叮咚钱包;同花顺手机炒股股票软件;向钱贷;团贷网理财;多融理财;奇速贷;宜人贷借款;小花钱包;小钱;差钱吗贷款;布丁小贷;微众银行-金融基金投资理财微粒贷;微贷网;快速借款;快速贷款;快钱钱包;急借通;惠借贷款;我来贷;打个借条;拍拍贷借款;招商银行;拿下钱包;星星钱袋;曹操贷;有人贷;来借钱;极速钱包;淘钱宝;火贷款手机借钱;爱钱进;牛股王;玖富万卡;现金借款;现金快贷;现金快车;现金贷贷款;现金超人;现金速递;瑞钱宝;省呗;秒贷款;秒钱;移动手机贷;立马理财（网易出品-理财、投资、银行）;米米贷;绿洲闪贷;网易贵金属;芝麻好贷;花无缺上班贷;花钱无忧;草根钱包;荷包;菠萝贷;豆豆钱;贷上钱;贷嘛;贷款123;贷款助手;贷款钱包;贷钱走借款;超人贷借款;还呗;速贷之家贷款;钞市;钱妈妈;钱有路;钱站;闪电借款;闪贷侠;闪银;陆金所;飞贷;飞鱼贷款;魔法现金借款;黄金钱包;鼎及贷;龙贷,0,0
158008335,196,101,2345贷款王;51人品;51人品贷;51信用卡管家;51借钱;51短期贷;91好借极速版;一账通;上海银行;中信银行;中信银行动卡空间;中国工商银行;中国建设银行;中国银行;中国银行手机银行;丽人荟;云付;享宇钱包;京东金融;你我贷借款;你我贷理财;你我金融;借了吗贷款;借易得;借点钱贷款;借贷宝;借钱快;光大银行手机银行;公积金贷款;农行掌上银行;办卡神器;华夏银行;卡卡贷;卡宜贷;卡牛信用卡管家;大小贷;安逸花贷款;宜人贷借款;容易贷信用贷款;小米贷款;小米金融;小花钱包;小赢卡贷;工资钱包;工银直销银行;工银融E联;平安信用卡;平安普惠;广发手机银行;应急贷款;微众银行-金融基金投资理财微粒贷;快贷-贷款借钱网贷;快钱钱包;我爱办信用卡;拉卡拉;拍拍贷借款;招商银行;招商银行掌上生活;挖财信用卡管家;挖财宝;捷信福贷;支付宝;新易贷微贷款;星星钱袋;民生直销银行;民生银行手机银行;浦发信用卡;浦发手机银行;玖富万卡;玖富叮当;玖富钱包;现金巴士;现金快贷;现金快车;瑞钱包;秒分钱包;简易贷;缺钱么;网商银行;美借;芝麻信用卡与贷款;芝麻好贷;芝麻现金;荷包;融360;融360贷款;豆豆花;豆豆钱;贷上钱;贷钱走借款;还还;钱盒商户通;钱站;闪电借款极速版;闪电公积金;闪贷;闪银;阳光惠生活;陆金所;飞贷;马上贷,0,0
158009574,229,165,2345贷款王;360借条;51人品贷;51信用卡管家;NPOS;一账通;万达贷;中国建设银行;中国银行手机银行;中安信业小额贷款;中邮钱包;丽人荟;乐贷款;京东钱包;人人花;众鑫玩卡;你我贷借款;信用白条;信而富;借乐花;借了吗贷款;借吧快速借款借钱;借易得;借易贷;借有道;借点钱贷款;借花花;借财童子贷款;借贷宝;借贷汇;借贷王;借钱快;先花一亿元;南瓜快贷;博富我来贷;卡卡贷;卡牛信用卡管家;厚钱包;去哪儿借;及贷;友信信贷;同牛贷;向钱贷;员工贷;啪啪钱包小额借贷;壹钱包;多多付钱包;奇速贷;好借钱;好又贷借款;好易借;好贷;好钱包;如意借;妈妈钱包;宋江贷;宝鼎贷吧;容易贷信用贷款;小花钱包;小葱钱包;小钱;小雨点网贷;小额信用贷款;小额贷款;差钱吗贷款;帮你借;平安信用卡;平安普惠;微当钱包;微盟贷款王;快来贷;快贷-贷款借钱网贷;快速借款;快金;快钱钱包;急借通;急用钱ATM;恒易贷;惠借贷款;我来贷;手机贷（借款版）;打个借条;拍拍贷借款;招商银行;招商银行掌上生活;指尖贷;指尖钱包;挖财信用卡管家;捷信金融;支付宝;新浪分期购;易快借;星星钱袋;暖手好贷;曹操贷;有钱用;杏仁钱包;极速钱包;民贷天下理财;潮人贷理财;火贷款手机借钱;爱信钱包;牛呗借款借钱;玖富钱包;现金巴士;现金快贷;现金快递;现金白卡;现金贷贷款;现金超人;用钱宝;电兔借钱;省呗;秒贷款;简借贷款;米多多钱包;缺钱么;翼支付;花钱无忧;草根钱包;莫愁花;菠萝贷;蚂蚁信贷;蚂蚁聚宝;融360;读秒;豆豆花;豆豆钱;贝壳钱包;财滚滚;贷你嗨;贷吧;贷款60秒;贷款侠借款;贷款助手;贷款啦;贷款钱包;贷款黑卡;贷贷款;趣还钱;身份证贷款;轻松有钱;还借钱;还呗;速易贷借款;速贷360;速贷之家贷款;钱急送;钱有路;钱站;钱鱼借贷;闪电借款;闪电贷;闪贷;闪贷超人;闪银;随便借;随手借;顺借;飞贷;首山钱包;马上借;魔法现金借款;麦粒贷;麦芽贷,0,0
158043895,137,106,2345贷款王;51人品贷;51信用卡管家;51速贷;51零用钱;Go贷;一账通;万达贷;中国银行手机银行;交通银行;京东金融;亲亲小贷;今日现金;任性付;你我金融;信用白条;信而富;借了吗贷款;借点钱贷款;借钱快;先花一亿元;功夫贷;南瓜快贷;卡卡借;卡卡贷;原子贷;及贷;同牛贷;向钱贷;大小贷;奇速贷;好钱包;宋江贷;宜人贷借款;容易借钱;小意思;小狐分期;小花钱包;小赢卡贷;小钱;布丁小贷;幺幺玖钱包;微当钱包;快贷-贷款借钱网贷;快金;我来贷;手机贷（借款版）;拉卡拉;拍拍贷借款;拿下钱包;指尖贷;指尖钱包;支付宝;星星钱袋;曹操贷;有贝钱袋;有钱用;杏仁钱包;极速钱包;水象借点花;牛呗借款借钱;猪宝钱包;玖富叮当;现金借款;现金巴士;现金白卡;现金贷贷款;现金速递;现金钱包;瓜牛钱包;用钱宝;省呗;秒白条;秒贷;立马有钱;简借贷款;米米贷;缺钱么极速版;网商银行;美借;花无缺借款;花点借款;花薪闪借;花钱无忧;莫愁花;蓝领贷;虾球借钱;融360;财滚滚;贷上钱;贷你嗨;贷小强;赤兔宝;还借钱;还呗;钱急送;钱有路;钱牛速贷;闪电借款;闪贷;闪贷超人;闪银;靓号贷;顺借;马上贷;魔法现金借款,0,0
158122512,236,108,2345贷款王;360借条;51人品;51人品贷;51信用卡管家;i贷借钱;一账通;万达贷;中信银行动卡空间;中国建设银行;乐视金融;交通银行;京东金融;人人贷借款;任性贷借款;你我贷借款;你我金融;借吧快速借款借钱;借点钱贷款;借贷宝;借钱吧;借钱易;值得借;先花一亿元;光大银行手机银行;光速借款;功夫贷;卡卡贷;原子贷;口袋钱包;团贷网理财;壹钱包;大小贷;奇速贷;安逸花贷款;宜人贷借款;小花钱包;小钱;小额极速贷款;工资钱包;布丁信用;布丁小贷;平安信用卡;平安口袋银行;平安普惠;快贷-贷款借钱网贷;快钱钱包;急借通;恒易贷;惠借贷款;手机贷款;手机贷（借款版）;投哪网理财;拉卡拉;拍拍贷借款;指尖贷;支付宝;支付宝快捷支付服务;星星钱袋;来借;来分期;松鼠贷;涨乐财富通;爱钱进;玖富叮当;现金之家;现金借款;现金巴士;现金白卡;现金超人;现金速递;用钱宝;省呗;秒借信用贷款借款;移动手机贷;米米贷;绿洲闪贷;缺钱么;网商银行;美借;翼支付;考拉征信;芝麻好贷;花无缺上班贷;花无缺借款;花钱无忧;菠萝贷;蓝领贷;虾球借钱;融360;豆豆钱;贷上钱;贷我飞;贷款助手;贷款宝借款;贷款管家;还借钱;速贷360;速贷之家贷款;速贷信用卡借款贷款神器;钱包闪贷;钱有路;钱站;闪电借款;闪银;阳光惠生活;麦芽贷;黄金钱包,3,98490
158257269,179,109,360股票;51人品;8戒理财;E人一铺;PPmoney理财;e路同心;e钱包;e钱庄;i云保;一仟金融;一起好理财;东方财富网;中国工商银行;中国银行手机银行;中欧钱滚滚;中民i投;乾道金融;京东股票;京东钱包;人人积金;亿基金;众安;优投在线;佰亿猫理财;全民养牛;八元操盘;兴业银行;利得基金;前海开源基金;南方基金客户端;可溯金融;君融贷理财;唐小僧理财;商房所;国投瑞银;国美金融;外快理财;外滩云财富;多多理财;多米金融;天天基金网;天天理财活期;天府手机银行;安邦金融;富乐e家;小爽bank;小资钱包;小鱼bank;工银融E联;平安天下通;建信基金;微齐金融;恒大金服;悟空理财;我能理财;手机贷（借款版）;投哪网理财;投客理财;投融家理财;招商银行;招商银行掌上生活;挖财记账;掌中财富;支付宝;暴风金融;曹操贷;杭银直销;民生直销银行;沃百富;浩禄金融;海融易;海象理财;温商贷理财;滚雪球基金;点点搜财;爱投顾股票;玖财通;玛瑙湾;现金宝;理想宝;甘肃银行直销银行;甜橙理财;生菜金融;百合银行;盈码基金;益投资;秒钱;简理财;网信理财;网商银行;翼支付;联璧金融;聚宝R;聚爱财;聚财猫理财;花虾金融;荷包;金e融;金有金;金盈所;钱大掌柜;钱承有余;铜板街_手机理财;银联钱包;陆金所;雪山贷;零钱猫;鲸鱼宝理财;黑马贷,0,0
158343355,253,114,2345贷款王;360贷款导航;51人品贷;51信用卡管家;i贷专业版贷款;中华贷款;中原消费金融;中国建设银行;乐宝袋;云科贷;享宇钱包;京东股票;京东金融;京东钱包;任易贷;佑米金融;你我贷借款;信用白条;信用花贷款借贷神器;信而富;借了吗贷款;借易得;借款王信用贷款;借贷宝;借钱快;先花一亿元;先花钱;农行掌上银行;卡牛信用卡管家;向钱贷;啪啪钱包小额借贷;多享金汇;大大红包;大智慧手机炒股软件;好钱包;存吧;安逸花贷款;小牛淘金;小米金融;小额钱袋;布丁小贷;平安普惠;平安金管家;微当钱包;微贷;快贷-贷款借钱网贷;急借通;手机贷（借款版）;打个借条;拍拍贷借款;拍来贷;招商银行;挖财信用卡管家;挖财钱管家;捷信金融;支付宝;新易贷微贷款;暖手好贷;暖薪贷;月光侠;有利网理财;来借钱;水象借点花;温商贷理财;潘看;灵云速贷;玖富钱包;现金巴士;现金快贷;现金白卡;现金贷贷款;现金超人;用钱宝;秒借;秒借钱;秒白条;移动手机贷;米发钱包;绿洲闪贷;缺钱么;网易贵金属;网贷小猫;美借;翼支付;考拉征信;芝麻借钱;芝麻现金;荷包;菠萝贷;蓝领贷;虾球借钱;融360;豆豆钱;财主贷;财小仙小额贷;财滚滚;贷嘛;赞分期;超人贷借款;超快客贷;超速贷;趣还钱;金山彩票;金道贵金属GTS手机交易软件;钞市;钱急送;钱有路;闪贷;闪银;随手记理财记账;零钱罐;青年钱包分期贷款;顺借;麦芽贷,0,0
158487653,161,104,2345贷款王;360借条;360贷款导航;51人品贷;51信用卡管家;51零用钱;中安信业小额贷款;京东金融;任性贷借款;你我贷借款;信用白条;信而富;借乐花;借了吗贷款;借得快;借钱吧;借钱快;先花一亿元;农行掌上银行;功夫贷;卡卡贷;卡牛信用卡管家;原子贷;及贷;发薪贷;向钱贷;大小贷;宜人贷借款;小花钱包;小赢卡贷;小钱;布丁小贷;帮你借;微众银行-金融基金投资理财微粒贷;微盟贷款王;快贷-贷款借钱网贷;快速借款;快钱钱包;急用钱ATM;我来贷;手机贷（借款版）;打个借条;拉卡拉;拍拍贷借款;指尖贷;支付宝;新易贷微贷款;暖手好贷;曹操贷;有贝钱袋;杏仁钱包;来分期;极速钱包;江湖救急;淘钱宝;火贷款手机借钱;猪宝钱包;玖富钱包;现金巴士;现金快贷;现金白卡;现金贷贷款;现金超人;用钱宝;省呗;瞬借;秒借款;秒贷款;秒贷贷款;移动手机贷;米米贷;缺钱么;网商银行;考拉征信;芝麻借钱;花无缺借款;花钱无忧;融360;融360贷款;豆豆钱;豹子融;贷上钱;贷你嗨;贷嘛;贷小强;贷款宝借款;贷款快;赤兔宝;身份证贷款;还呗;还还;速刷理财版;速贷信用卡借款贷款神器;钱包闪贷;钱急送;钱有路;钱站;闪电借款;闪电贷;闪贷;闪银;随手借;马上贷;麦芽贷,0,0
158609341,252,133,2345贷款王;360贷款导航;51人品贷;51信用卡管家;7贷;中信银行;中信银行动卡空间;中国建设银行;中国银行;中国银行手机银行;中安信业小额贷款;乐刷商务版;乐宝袋;京东金融;京东钱包;亲亲小贷;人人花;低息贷款;你我金融;借了吗贷款;借吧快速借款借钱;借点钱贷款;借钱吧;借钱宝;借钱快;借钱手机贷款;借钱花呗;光速贷款;八借贷款;公积金贷款;农行掌上银行;功夫贷;千百块;卡卡贷;卡牛信用卡管家;原子贷;及贷;向钱贷;如意借;宁夏银行手机银行;安逸花贷款;宋江贷;宏岩易借贷;宜人贷借款;容易借借款;小花钱包;小钱;小额借钱贷款;工银融E联;布丁小贷;布偶兔贷款;平安普惠;平安金管家;征信贷款;微盟贷款王;快快贷理财;快来贷;快贷-贷款借钱网贷;快钱钱包;懒人贷款;我来贷;手机贷借款;手机贷（借款版）;拉卡拉;拍拍贷借款;招商银行;招商银行掌上生活;招联好期贷;指尖贷;捷信金融;支付宝;星星钱袋;曹操贷;有鱼贷款;来借款;来分期;松鼠金融借款服务;极速信用贷款;极速贷;极速贷款;极速贷款王;极速钱包;浦发信用卡;浦发手机银行;淘钱宝;牛呗借款借钱;猪宝钱包;玖富叮当;现金借款;现金巴士;现金袋V贷款借款信用钱包;现金贷;现金贷款;现金贷贷款;现金速递;用钱宝;省呗;神速学贷;秒白条;积木盒子;移动手机贷;米米贷;缺钱么;网信理财;网商银行;芝麻信用卡与贷款;花无缺上班贷;融360;融360贷款;读秒;豆豆钱;财鸟借钱极速版;财鸟贷款;贷上钱;贷款123;贷款助手;贷款宝借款;贷贷款;还呗;还还;速贷邦;邮乐金融;钱妈妈;钱有路;银联钱包;闪电借款;闪电公积金;闪银;陆金所;随手借;靠谱鸟贷款;马上贷;鼎及贷,0,0
158696617,192,115,51信用卡管家;91旺财;PPmoney理财;PP基金理财;e路同心;万得股票;三分贷;东方财富网;中信银行动卡空间;中国工商银行;中国建设银行;中国银行;中国银行手机银行;乐居财富Pro;乾包;京东金融;人人聚财;人人贷WE理财;你我贷理财;信融投资;凤凰金融;刷呗信用卡优惠;口袋理财;口贷网;合拍在线;合盘理财;向上理财;和信贷理财;团贷网理财;城城理财;壹佰金融;外快理财;大麦理财;天天基金网;太平洋寿险;宜人理财;宜人贷借款;宜贷网;小牛在线;小赢理财;工银融E联;平安信用卡;开鑫金服;微众银行-金融基金投资理财微粒贷;微贷网;快点理财;恒大金服;懒财网理财;投之家;投哪网理财;抱财网投资理财;招商银行;招财猫理财;指旺理财;搜狐搜易贷理财;新浪财经;新联理财软件;晋商贷;有利网理财;桔子理财;民贷天下理财;永利宝;洋钱罐理财;温商贷理财;火理财;点融网理财;熊猫金库;爱投资;爱米众筹;爱米理财;爱钱进;牛板金;玖富钱包;现金宝;珠宝贷;理想宝;理财农场;理财范;甜橙理财;盈盈理财;省呗;礼德财富;票据宝金融;米袋理财;网利宝;网贷天眼;翼龙贷;聚财猫理财;草根投资;蚂蚁聚宝;蛋卷基金;诺诺镑客;贝多多;贝米钱包;财神爷爷;财金圈;金联储;金蛋理财;鑫合汇理财;钱升钱;钱牛牛理财;钱罐子;铜板街_手机理财;银客网;银湖理财;银票理财;银联钱包;银豆网;链家理财;阳光惠生活;陆金所;随手记理财记账;风车理财;饭饭金服;黄金钱包,0,0
158901780,218,142,2345贷款王;360借条;51人品贷;51信用卡管家;51公积金借款;51零用钱;万达贷;中信银行;中信银行动卡空间;中国工商银行;中国建设银行;中国银行手机银行;乐宝袋;九秒贷;五一钱包;交通银行;京东金融;京东钱包;亲亲小贷;人人花;你我贷借款;你我贷理财;你我金融;信用雷达;借了吗贷款;借吧快速借款借钱;借点钱贷款;借贷宝;借速贷;借钱快;光速贷款;公积金借钱;公积金贷款;兴业银行;农行掌上银行;功夫贷;千百块;卡卡生活;卡卡贷;卡牛信用卡管家;原子贷;及时雨贷款;及贷;吉大贷;向钱贷;壹钱包;多美贷;大小贷;奇速贷;好付钱包;孙贷圣;安逸花贷款;容易贷信用贷款;小花钱包;小葱钱包;小赢卡贷;小钱;小额钱袋;工资钱包;工银融E联;布丁小贷;帮你借;平安信用卡;平安普惠;开心钱包;微盟贷款王;快贷-贷款借钱网贷;快钱钱包;急借通;急用钱ATM;恒易贷;我来贷;我要借款;手机贷款;手机贷（借款版）;指尖钱包;挖财信用卡管家;捷信福贷;支付宝;无忧借条;星星钱袋;有贝钱袋;杏仁钱包;来借;来分期;极速贷款小额借款;极速钱包;民生信用卡;民生银行手机银行;江湖救急;浦发手机银行;淘分期贷款;玖富叮当;玖富钱包;现金借款;现金巴士;现金白卡;现金贷;现金超人;现金速递;现金飞速达;瓜牛钱包;用钱宝;移动手机贷;简借贷款;简易贷;米米贷;绿洲闪贷;缺钱么;缺钱么极速版;美借;芝麻好贷;菠萝贷;融360;融360贷款;读秒;豆豆花;豆豆钱;贷上钱;贷你嗨;贷嘛;贷款侠借款;贷款助手;贷款宝借款;贷款钱包;身份证贷款;还呗;钱急送;钱有路;钱相随;钱站;银联钱包;闪电借款;闪电贷;闪贷;闪银;随手借;飞贷;马上借;马上贷;魔法现金借款;麦芽贷,0,0
159058069,218,123,2345贷款王;360贷款导航;51信用卡管家;51借点花花;51速贷;万达贷;三文钱;中信银行动卡空间;中国工商银行;中国建设银行;中国银行;中国银行手机银行;买买钱包;云科贷;交通银行;京东金融;京意借;亲亲小贷;你我贷借款;你我金融;信用宝;信美分期;信而富;信通袋分期;借吧快速借款借钱;借得快;借易得;借贷宝;借钱手机贷款;先花钱;光大银行手机银行;光速借款;光速贷款;分美工薪版;千百块;卡牛信用卡管家;及贷;同花顺手机炒股股票软件;好钱包;安逸花贷款;宏岩易借贷;小瑞快贷;小钱;小额钱袋;工银融E联;平安天下通;开薪贷;微当钱包;快速借款;急借通;惠借宝;我来贷;拍拍贷借款;招商银行;拿下钱包;指尖贷;指尖钱包;挖财信用卡管家;支付宝;文华财经随身行;新易贷微贷款;时贷;曹操贷;月光蓝卡;有贝钱袋;有钱宝;有钱用;来借钱;来分期;极速钱包;浦发信用卡;涨乐财富通;潘看;爱信钱包;牛呗借款借钱;现金借款;现金奶牛;现金巴士;现金快贷;现金白卡;现金秒贷;现金速递;白领贷;省呗;短借宝;神速学贷;秒借;秒借款;秒分钱包;秒白条;绿洲闪贷;缺钱么;美借;考拉征信;芝麻小金;蓝领贷;虾球借钱;蚂蚁信贷;融360;诸葛钱包;豆豆花;财小仙小额贷;财滚滚;贷上钱;贷款123;贷款助手;赞分期;趣还钱;速拿钱;钱包贷;钱嗖嗖;钱急送;银信付;银河玖乐;闪借款;闪电借款;闪电宝;闪贷侠;闪贷超人;闪银;马上借;马上贷;鼎及贷,0,0
159067603,138,103,2345贷款王;360借条;51信用卡管家;51借款;51借款贷款;51短期贷;51零用钱;三文钱;下钱快;中国建设银行;乐贷款;买买钱包;今日借款;你我贷借款;佰仟分期购;信用白条;借了吗贷款;借吧快速借款借钱;借得快;借有道;借点钱贷款;借贷宝;借钱花呗;先花一亿元;光速贷款;刷脸贷;千百块;卡卡贷;厚钱包;原子贷;向钱贷;啪啪钱包小额借贷;大小贷;奇速贷;好借钱;好又贷借款;好易借;好贷款;安家派;宜人贷借款;小树普惠;差钱吗贷款;平安普惠;微盟贷款王;快贷-贷款借钱网贷;快速借款;快钱钱包;手机贷（借款版）;拍拍贷借款;支付宝;易快借;暖薪贷;曹操贷;有融网理财;杏仁钱包;极速贷;极速钱包;淘钱宝;猪宝钱包;玖富叮当;玖富钱包;现金借款;现金借钱;现金巴士;现金快贷;现金白卡;现金超人;瓜牛钱包;用钱宝;秒白条;米米贷;米粒白条;缺钱么;美借;芝麻借钱;花无缺借款;花薪闪借;花钱无忧;菠萝贷;蓝领贷;虾球借钱;融360;财滚滚;贷上钱;贷嘛;贷小强;贷款123;贷款60秒;贷款宝借款;贷款黑卡;身份证贷款;还借钱;还还;钱多好借;钱急送;钱有路;铜钱贷;闪电借款;闪电贷;闪贷;陆金所;顺借;魔法现金借款,0,0
159207290,176,125,2345贷款王;360借条;51人品贷;51信用卡管家;51闪贷;51零用钱;一证贷;万达贷;中国建设银行;中国银行手机银行;九秒贷;二师兄借款;亲亲小贷;人人贷借款;你我贷借款;信用白条;信用花贷款借贷神器;信美分期;信而富;借有道;借财童子贷款;借贷宝;借钱快;先花一亿元;功夫贷;包银消费;千百块;南瓜快贷;卡卡贷;卡牛信用卡管家;原子贷;口袋钱包;吉大贷;吉米钱包;向钱贷;啪啪钱包小额借贷;大小贷;天天富;好钱包;安逸花贷款;宜人贷借款;小期贷;小狐分期;小花钱包;小赢卡贷;差钱吗贷款;布丁信用;布丁小贷;平安普惠;幺幺玖钱包;快贷-贷款借钱网贷;快速借款;快金;快钱钱包;急借通;惠借贷款;我来贷;手机贷（借款版）;拉卡拉;拍拍贷借款;拿下钱包;指尖贷;指尖钱包;捷信金融;支付宝;放心花;新浪有借;无忧借条;星星钱袋;暖手好贷;有贝钱袋;有钱用;极速钱包;水象借点花;江湖救急;油菜花;淘钱宝;潘看;猪宝钱包;玖富万卡;现金借钱;现金巴士;现金快贷;现金快车;现金白卡;现金贷;现金速递;用钱宝;省呗;秒白条;米米贷;米粒白条;绿洲闪贷;缺钱么极速版;美借;芝麻小金;芝麻小钱;莫愁花;虾球借钱;融360;诸葛钱包;读秒;豆豆钱;财滚滚;贷上钱;贷你嗨;贷款黑卡;赞分期;还呗;还还;钱包贷;钱有路;钱站;银信付;闪电借款;闪贷;闪银;阳光惠生活;随手借;靓号贷;顺借;马上贷;魔借;魔法现金借款;麦芽贷,0,0
159277570,230,144,2345贷款王;360借条;360贷款导航;51人品贷;51信用卡管家;51借钱;51短期贷;51零用钱;91借钱极速放款;万达贷;中国工商银行;中国建设银行;中安信业小额贷款;丽人荟;乐宝袋;京东金融;亲亲小贷;人人花;人人贷借款;任性贷借款;你我贷借款;佰仟分期购;信用卡办理;信用卡贷款;信用白条;信而富;借乐花;借吧快速借款借钱;借得快;借有道;借款宝;借点钱贷款;借花花;借贷宝;借钱无忧;先花一亿元;光速贷;农行掌上银行;功夫贷;千百块;卡卡贷;卡牛信用卡管家;厚钱包;原子贷;及贷;发薪贷;向钱贷;多多付钱包;大小贷;好易借;安逸花贷款;宜人贷借款;宜聚网;容易贷信用贷款;小花钱包;小赢卡贷;小钱;小额贷款;小额贷款借钱;工银融E联;差钱吗贷款;布丁小贷;平安普惠;平安普惠i贷极速版;应急贷款;快贷-贷款借钱网贷;快速借款;快钱钱包;恒易贷;惠借宝;我来贷;房贷贷;手机借款;手机贷（借款版）;打个借条;拉卡拉;拍拍贷借款;指尖贷;挖财信用卡管家;捷信福贷;支付宝;新浪有借;星星钱袋;暖手好贷;暖薪贷;曹操贷;月光蓝卡;有贝钱袋;杏仁钱包;松鼠贷;极速钱包;淘分期贷款;淘钱宝;猎贷贷款;猪宝钱包;玖富万卡;玖富叮当;玖富钱包;现金借款;现金在线;现金巴士;现金白卡;现金速递;用钱宝;省呗;秒借;秒白条;移动手机贷;简易贷;米米贷;缺钱么;网商银行;美借;花钱无忧;菠萝贷;蓝领贷;融360;融族小额贷款;豆豆钱;贷上钱;贷你嗨;贷先生;贷吧;贷嘛;贷款123;贷款助手;还呗;还还;速贷之家贷款;速贷宝;钱急送;钱有路;钱站;闪电借款;闪电贷款专业版;闪贷;闪银;陆金所;随心时贷;马上借;马上贷;魔法现金借款;麦芽贷;麻辣小额贷款,0,0
159415554,186,122,51信用卡管家;51快贷;51现金贷;51短期贷;51贷款钱包;51零用钱;中国工商银行;中安信业小额贷款;亲亲小贷;任性贷借款;信用白条;信而富;借乐花;借了吗贷款;借得快;借有道;借花花;借钱帮;借钱快;先花一亿元;光大银行手机银行;光速借款;光速贷款;兴业银行;农行掌上银行;功夫贷;华夏信用卡管家;卡卡贷;卡牛信用卡管家;厚钱包;及时雨贷款;同牛贷;向钱贷;大小贷;安逸花贷款;宜人贷借款;小树时代;小赢卡贷;小钱;差钱吗贷款;平安普惠;幺幺玖钱包;广发手机银行;开心钱包;微贷;快贷-贷款借钱网贷;快速借款;快钱钱包;快闪现金;急借通;急用钱ATM;手机贷（借款版）;拉卡拉;招商银行掌上生活;指尖贷;指尖钱包;支付宝;新易贷微贷款;暖薪贷;曹操贷;有贝钱袋;杏仁钱包;来借钱;来分期;极速钱包;民生信用卡;民生银行手机银行;江湖救急;浦发信用卡;淘钱宝;火贷款手机借钱;爱信钱包;牛呗借款借钱;玖富万卡;玖富叮当;玖富钱包;现金之家;现金借款;现金借钱;现金在线;现金奶牛;现金巴士;现金快贷;现金快递;现金易贷;现金白卡;现金贷贷款;现金超人;现金速递;现金飞速达;用钱宝;白花花;省呗;简借贷款;缺钱么;美借;虾球借钱;豆豆钱;贝壳钱包;财滚滚;贷上钱;贷你嗨;贷嘛;贷款管家;贷款黑卡;还呗;还还;速贷之家贷款;钱急送;钱有路;钱站;铜钱贷;银嘉钱包;闪电借款;闪电借钱花;闪贷;闪贷超人;闪银;马上借;马上贷;魔借;魔法现金借款,2,28455
159531131,184,101,51人品;51信用卡管家;PPmoney理财;中信银行;中信银行动卡空间;中国工商银行;中国建设银行;中国银行;中国银行手机银行;乐刷商务版;互融宝;交通银行;京东金融;京东钱包;人人贷WE理财;企额贷理财;你我贷理财;信用宝;储蓄罐（腾讯投资的理财神器）;光大分利宝;光大银行手机银行;兴业银行;农行掌上银行;凤凰金融;前海航交所;博金贷理财投资;卡牛信用卡管家;厚本金融投资理财;合时代金融;向上理财;和信贷理财;唐小僧理财;嘻牛基金;团贷网理财;固金所;国美金融;壹佰金融;壹钱包;宜人理财;小微金融;工银融E联;平安信用卡;平安财富宝;广发手机银行;微贷网;快刷MPOS;投哪网理财;投客理财;投融家理财;抱财网投资理财;拍拍贷理财;招商银行;招商银行掌上生活;指旺理财;挖财宝;搜狐搜易贷理财;支付宝;来贝记账;民生信用卡;民生直销银行;浦发信用卡;浦发手机银行;海投汇;涨乐财富通;点融网理财;熊猫金库;爱钱进;玖富钱包;理想宝;理财范;甜橙理财;生菜金融;立诚贷;绿能宝;网信理财;网利宝;网商银行;美美理财;美美金融;翼支付;联璧金融;聚宝R;诺诺镑客;贝多多;贝米钱包;财鱼管家;金储宝;金融工场;钱保姆理财;钱夹;钱盆网;钱端（定制版）;铜板街_手机理财;银湖理财;银联钱包;长富理财;闪电宝;陆金所;饭饭金服;黄河金融;鼎有财,0,0
159639239,167,116,2345贷款王;360借条;360贷款导航;51借你钱;51借点花花;51零用钱;Go贷;一证贷;万达贷;乐宝袋;乐贷款;九秒贷;亲亲小贷;人人花;人人贷借款;你我贷借款;信用白条;信美分期;信而富;借乐花;借了吗贷款;借得快;借点钱贷款;借贷宝;借钱快;先花一亿元;农行掌上银行;功夫贷;卡卡借;卡卡贷;卡牛信用卡管家;原子贷;去哪儿借;口袋钱包;向钱贷;嗨贷款;城市贷;壹贰钱包;多享金汇;好易借;如意借;小树时代;小赢卡贷;小钱;小额钱袋;布丁信用;布丁小贷;平安普惠;开始钱包;开心钱包;快贷-贷款借钱网贷;快钱钱包;快闪现金;急借通;急用钱ATM;我来贷;手机贷（借款版）;拉卡拉;拍拍贷借款;指尖钱包;支付宝;支付宝快捷支付服务;放心花;救急钱包;新易贷微贷款;时贷;星星钱袋;暖手好贷;月光蓝卡;来借钱;极速钱包;水象借点花;江湖救急;浦发信用卡;潘看;玖富叮当;玖富钱包;现金借款;现金在线;现金巴士;现金快车;现金急速贷;现金白卡;现金速递;瓜牛钱包;用钱宝;省呗;秒借;秒白条;米米贷;翼支付;芝麻小金;花无缺上班贷;花无缺借款;蓝领贷;豆豆花;财小仙小额贷;贷上钱;贷款黑卡;趣还钱;还呗;钱急送;钱有路;钱站;银信付;闪电借款;闪电猫;闪贷;闪银;随心贷;零用钱包;顺借;马上借;魔法现金借款;麦芽贷;鼎及贷,0,0
159742041,220,128,2345贷款王;360借条;51人品;51人品贷;51信用卡管家;51短期贷;万达贷;三文钱;中信银行;中信银行动卡空间;中国工商银行;中国建设银行;丽人荟;交通银行;享宇钱包;京东金融;任性付;你我贷借款;你我贷理财;信用白条;信用飞;信美分期;信而富;借了吗贷款;借得快;借贷宝;借钱宝;借钱快;先花一亿元;光大银行手机银行;农行掌上银行;卡卡借;卡卡贷;卡牛信用卡管家;原子贷;及贷;发薪贷;名校贷;向钱贷;天天富;奇速贷;安逸花贷款;宜人贷借款;小树时代;小米金融;小花钱包;小赢卡贷;布丁信用;布丁小贷;布丁小贷极速版;平安普惠;广发手机银行;开心钱包;快贷-贷款借钱网贷;快速借款;快金;快钱钱包;急用钱ATM;我来贷;手机贷（借款版）;拉卡拉;拍拍贷借款;招商银行;拿下钱包;指尖钱包;挖财信用卡管家;捷信福贷;捷信金融;支付宝;新易贷微贷款;星星钱袋;暖手好贷;曹操贷;有贝钱袋;有钱用;来借钱;极速贷款;极速钱包;江湖救急;江西农信新一代手机银行;潘看;爱信钱包;玖富万卡;玖富叮当;现金巴士;现金快贷;现金白卡;现金超人;现金速递;现金骑士;用钱宝;白花花;移动手机贷;简借贷款;米多多钱包;米米贷;缺钱么;美借;花无缺借款;蓝领贷;虾球借钱;蚂蚁信用贷;融360;读秒;豆豆钱;财滚滚;贷上钱;贷款123;贷款黑卡;轻松有钱;还呗;速米袋;速贷之家贷款;钱到到分期;钱嗖嗖;钱急送;钱有路;钱站;闪电借款;闪贷侠;闪金贷;闪银;飞贷;香港彩宝典;马上借;马上贷;魔法现金借款;麦芽贷,0,0
159807120,144,102,2345贷款王;360借条;51人品贷;51信用卡管家;51借点花花;51零用钱;91借钱极速放款;一账通;万达贷;三文钱;中国工商银行;交通银行;京东金融;亲亲小贷;人人花;你我贷理财;信用白条;信而富;借乐花;借了吗贷款;借点钱贷款;借财童子贷款;借贷宝;借钱快;包银消费;卡卡借;卡卡贷;卡牛信用卡管家;厚钱包;原子贷;及贷;吉信敢贷;向钱贷;大小贷;奇速贷;好易借;安家派;安逸花贷款;宜人贷借款;小花钱包;小赢卡贷;小额钱袋;布丁小贷;平安信用卡;平安普惠;快贷-贷款借钱网贷;快钱钱包;急借通;我来贷;手机贷（借款版）;拉卡拉;挖财信用卡管家;支付宝;星星钱袋;暖薪贷;曹操贷;有钱用;来分期;极速贷工薪借贷;油菜花;牛呗借款借钱;玖富万卡;玖富叮当;玖富钱包;现金借款;现金在线;现金巴士;现金快贷;现金白卡;现金贷;用钱宝;省呗;秒借;秒贷贷款;缺钱么;网商银行;美借;芝麻小金;虾球借钱;蚂蚁信贷;融360;融360贷款;豆豆钱;财付通;贷嘛;贷款钱包;还借钱;还呗;速贷之家贷款;速贷信用卡借款贷款神器;钱包贷;钱包闪贷;钱急送;钱站;闪电借款;闪贷;闪银;随手借;顺借;飞贷;魔法现金借款;麦芽贷,0,0
159853145,183,106,2345贷款王;360借条;51人品;51人品贷;51信用卡管家;一账通;万达贷;中信银行动卡空间;中国工商银行;中国建设银行;中国银行手机银行;中安信业小额贷款;中邮钱包;丽人荟;京东金融;任性付;众安;你我贷借款;你我金融;佰仟分期购;信用白条;信用飞;信美分期;信而富;借了吗贷款;借点钱贷款;借钱快;农行掌上银行;包银消费;卡卡贷;卡卡贷极速版;卡牛信用卡管家;厚钱包;原子贷;同牛贷;名校贷;名校贷白领版分期贷款;向钱贷;啪啪钱包小额借贷;在线金融超市;城市贷;天天中彩票;宜人贷借款;小树时代;小牛速贷;小狐分期;小米金融;小花钱包;小赢卡贷;工银融E联;平安信用卡;平安口袋银行;平安普惠;平安金管家;广发手机银行;广源小贷;快来贷;快贷-贷款借钱网贷;快钱钱包;我来贷;手机贷（借款版）;拉卡拉;拍拍贷借款;招商银行;招商银行掌上生活;挖财信用卡管家;支付宝;普惠快信;民生易贷;浦发手机银行;猪宝钱包;玖富万卡;玖富叮当;玖富钱包;现金巴士;现金快贷;现金白卡;现金速递;用钱宝;省呗;移动手机贷;缺钱么;美借;翼支付;考拉征信;莫愁花;薪水贷;蜂易贷;融360;融360贷款;读秒;豆豆花;豆豆钱;贷上钱;贷款黑卡;达飞云贷;还呗;还还;邮储银行;钱站;闪电借款;闪银;随心时贷;随行付商务版;魔法现金借款;麦芽贷,0,0
160244323,176,114,2345贷款王;360借条;51人品贷;51信用卡管家;91借钱极速放款;下钱快;中国建设银行;中邮钱包;乐贷款;亲亲小贷;人人贷借款;你我贷借款;你我金融;信用白条;信而富;借乐花;借得快;借有道;借钱快;先花一亿元;光速贷;兴业银行;农行掌上银行;功夫贷;包银消费;千百块;卡卡贷;厚钱包;原子贷;及贷;向钱贷;商通贷;多多付钱包;大小贷;好易借;安逸花贷款;宜人贷借款;小树普惠;小花钱包;小赢卡贷;小钱;小雨点网贷;布丁小贷;平安普惠;平安普惠i贷极速版;平安金管家;开心钱包;快贷-贷款借钱网贷;快钱钱包;急借通;恒易贷;手机借钱信用贷款分期;手机贷（借款版）;打个借条;拍拍贷借款;指尖贷;支付宝;新易贷微贷款;日常记账;星星钱袋;有贝钱袋;杏仁钱包;来分期;松鼠贷;极速钱包;民生信用卡;民生银行手机银行;水象借点花;江湖救急;浦发信用卡;玖富万卡;玖富叮当;玖富钱包;现金借款;现金巴士;现金白卡;现金速递;用钱宝;白花花;益投资;秒借;秒分钱包;秒白条;积木盒子;米米贷;绿洲闪贷;缺钱么;网商银行;美借;考拉征信;花钱无忧;虾球借钱;融360;读秒;豆豆钱;贷上钱;贷嘛;贷款机;赤兔宝;还呗;还还;速借钱;速领薪;钱急送;钱有路;钱站;闪电借款;闪银;随手借;飞贷;马上贷;魔借;魔法现金借款;麦芽贷,0,0
160278728,210,117,2345贷款王;360借条;51人品;51人品贷;51信用卡管家;51零用钱;91借钱极速放款;QQ彩票;中国工商银行;么么钱包;乐贷款;买买钱包;五一钱包;亲亲小贷;你我贷借款;佰仟分期购;信用卡贷款借款;信用白条;信用雷达;信而富;借点钱贷款;借贷宝;借钱快;先花一亿元;先花钱;光速借款;兴业银行;农行掌上银行;功夫贷;千百块;博富我来贷;卡卡贷;卡牛信用卡管家;即有分期;原子贷;及贷;向钱贷;壹钱包;好贷;安逸花贷款;宋江贷;宜人贷借款;小树时代;小钱;工银融E联;布丁小贷;平安普惠;快贷-贷款借钱网贷;快钱钱包;急借通;急用钱ATM;我来贷;手机贷（借款版）;拉卡拉;拍拍贷借款;招商银行;招商银行掌上生活;拿下钱包;指尖贷;捷信金融;支付宝;新易贷微贷款;无忧借条;星星钱袋;普惠快信;暖薪贷;有贝钱袋;来分期;极速钱包;民生银行手机银行;灵云速贷;猪宝钱包;玖富叮当;现金借款;现金在线;现金奶牛;现金巴士;现金快递;现金白卡;现金秒贷;现金贷;现金超人;用钱宝;秒白条;秒贷款;秒贷贷款;米粒白条;缺钱么;网商银行;网易贵金属;美借;草根钱包;莫愁花;菠萝贷;虾球借钱;蚂蚁小微贷;融360;融360贷款;融e购;读秒;豆豆钱;财小仙小额贷;贷上钱;还还;速借钱;钱包贷;钱包闪贷;钱急送;钱有路;钱站;闪电借款;闪银;陆金所;随手借;魔借;魔法现金借款;麦芽贷,0,0
160380816,190,121,51信用卡管家;51搜财;PPmoney理财;e路同心;一仟金融;万家贷;中信银行动卡空间;中国工商银行;中国建设银行;中国银行;中国银行手机银行;乾包;云钱袋理财;互融CLUB;交通银行;你我贷理财;你我金融;借了吗贷款;农业银行信用卡优惠;凤凰金融;前海航交所;华人金融;华夏信用卡管家;华夏信财;友金所;口袋理财;同花顺手机炒股股票软件;向上理财;向前理财;商房所;团贷网理财;固金所;国美金融;壹佰金融;天天基金网;妈妈钱包;宜人理财;宜贷网;小牛在线;小诺理财;小财迷;工银融E联;平安信用卡;平安财富宝;广发手机银行;广金所;微贷网;恒大金服;房金网;才米公社;抓钱猫理财投资;投融家理财;抱财网投资理财;招商银行;招招理财;指旺理财;挖财宝;挖财记账;掌钱;搜狐搜易贷理财;摇财树网贷;易通贷理财;普汇云通;有利网理财;椰子理财;民生信用卡;民生易贷;汇通易贷;浦发信用卡;浦发手机银行;浩禄金融;点牛金融;熊猫金库;爱康金服;爱贷网理财;爱钱进;理想宝;理财范;申鼎理财;知商金融理财;秒钱;立诚贷;红岭创投;网信理财;网利宝;网投网;美美理财;美美金融;翼支付;联璧金融;聚财猫理财;草根投资;融360;融和财富;融金所投资理财;诺诺镑客;贝多多;财富派;财神爷爷;资产家;还呗;迷你贷;金元宝理财;金联储;金融圈理财;金融工场;钱内助理财;钱包管家;钱吧金融理财;钱牛牛理财;钱贷理财;铜板街_手机理财;银客网;银湖理财;银票理财;银联钱包;链车金服;阳光惠生活;陆金所;零用贷理财;高搜易理财,0,0
160390301,167,121,2345贷款王;51人品;51信用卡管家;51速贷;万达贷;中国建设银行;九秒贷;京东金融;亲亲小贷;人人花;你我金融;信用白条;信用花贷款借贷神器;信而富;借了吗贷款;借得快;借有道;借贷宝;借钱快;先花钱;光大银行手机银行;功夫贷;千百块;卓易彩票;卡牛信用卡管家;厚钱包;原子贷;及贷;发薪贷;同花顺手机炒股股票软件;啪啪钱包小额借贷;多多付钱包;大小贷;奇速贷;好钱包;宗易汇;小意思;小树时代;小米金融;小赢卡贷;小钱;布丁小贷;帮你借;幺幺玖钱包;快贷-贷款借钱网贷;快速借款;急用钱ATM;手机贷（借款版）;拍分期;拍拍贷借款;拿下钱包;指尖钱包;支付宝;星星钱袋;暖薪贷;曹操贷;有贝钱袋;有钱用;杏仁钱包;来分期;松鼠贷;极速钱包;欢乐贷;民生银行手机银行;水象借点花;江湖救急;爱信钱包;牛呗借款借钱;猪宝钱包;玖富叮当;现金在线;现金巴士;现金快贷;现金白卡;现金速递;瓜牛钱包;用钱宝;百贷宝;省呗;秒借;秒借款;秒出钱;秒分钱包;积木盒子;绿洲闪贷;缺钱么;网贷小猫;美借;翼支付;莫愁花;蓝领贷;虾球借钱;融360;融360贷款;读秒;贝壳钱包;贷上钱;贷你嗨;贷款123;还还;钱到到分期;钱包贷;钱急送;钱有路;钱站;钱米钱包;闪电借款;闪电贷;闪贷;闪贷侠;闪贷超人;闪银;随手借;雪中金融;顺借;马上贷;魔法现金借款;魔法钱包;麦粒贷;麦芽贷;鼎及贷,0,0
160546331,281,201,2345贷款王;360借条;51人品贷;51极速贷款;51短期贷;51闪贷;51零用钱;91借钱极速放款;i贷借钱;三文钱;下钱快;中国建设银行;中安信业小额贷款;乐宝袋;享宇钱包;京东金融;亲亲小贷;人人花;人人贷借款;任性贷借款;你我贷借款;你我金融;依米钱包;信用白条;信用花贷款借贷神器;信而富;信贷帮;信闪贷;借乐花;借了吗贷款;借吧快速借款借钱;借得快;借易贷;借有道;借款专家;借款宝;借点钱贷款;借贷宝;借贷钱包;借钱吧;借钱帮;借钱快;借钱手机现金分期贷款;借钱花呗;借顺贷;先花一亿元;光速借款;光速贷款;全能借款;分期贷;刷脸呗;功夫贷;千百块;卡卡贷;及贷;发薪贷;口袋钱包;向钱贷;周薪薪;壹钱包;大小贷;天天贷;奇子向钱;奇速贷;好易借;好贷;如意借;安逸花贷款;宋江贷;容易借借款;小花钱包;小葱钱包;小赢卡贷;小钱;小雨点网贷;布丁小贷;平安普惠;微盟贷款王;快来贷;快贷;快贷-贷款借钱网贷;快速借款;快钱钱包;急借通;急用钱ATM;惠借宝;我来贷;手机借钱信用贷款分期;手机贷款;手机贷经典版;手机贷（借款版）;打个借条;拉比鸟;拍拍贷借款;拿下钱包;指尖贷;指尖钱包;指尖钱庄;捷信金融;支付宝;放心花;新浪有借;易快借;星星钱袋;暖手好贷;暖薪贷;曹操贷;月光侠;有贝钱袋;有钱贷极速借款;杏仁钱包;来分期;松鼠贷;极速借条;极速借款;极速钱包;水象借点花;沃钱包;海牛钱包;淘分期贷款;火贷款手机借钱;灵云速贷;点点钱包;爱信钱包;猪宝钱包;玖富叮当;现金借款;现金在线;现金奶牛;现金快贷;现金快车;现金白卡;现金贷贷款;现金超人;现金速递;用钱宝;省呗;秒借;秒借款;秒白条;秒贷;秒贷贷款;第一贷款;简借贷款;米发钱包;米米贷;米粒白条;绿洲闪贷;缺钱么;美借;考拉征信;芝麻借钱;芝麻现金;花无缺上班贷;花无缺借款;花点借款;花花钱包攻略;花钱无忧;草根钱包;莫愁花极速版;菠萝贷;蓝领贷;虾球借钱;融360;融360贷款;读秒;豆豆钱;财小仙小额贷;贷上钱;贷你嗨;贷嘛;贷款60秒;趣还钱;轻松有钱;还借钱;还呗;速贷之家贷款;速领薪;钞市;钱到位;钱包贷;钱包闪贷;钱急送;钱有路;钱站;闪借款;闪电借款;闪电借贷;闪电贷款应急借钱;闪贷;闪贷侠;闪贷超人;闪银;随便借;随手借;靠谱鸟贷款;飞贷;马上借;马上贷;魔法现金借款;麦芽贷,0,0
160668369,175,118,2345贷款王;51信用卡管家;万达贷;中信证券;中信银行动卡空间;中原银行;中国建设银行;中国银行;中国银行手机银行;中安信业小额贷款;中腾信贷;丽人荟;乐宝袋;云钱袋理财;交通银行;京东金融;亲亲小贷;人人贷借款;你我贷借款;佰仟分期购;信用管家;信而富钱包;借乐花;借了吗贷款;借点钱贷款;借贷宝;借钱快;光大银行手机银行;兴业银行;农行掌上银行;功夫贷;包商银行;千百块;华夏银行;卡卡贷;卡牛信用卡管家;厚本金融投资理财;原子贷;向右转;向钱贷;大小贷;好贷;容易借借款;容易贷信用贷款;小企额贷款;小牛速贷;小花钱包;小赢卡贷;工银融E联;布丁小贷;平安口袋银行;平安普惠;平安金管家;广发手机银行;开单王;微众银行-金融基金投资理财微粒贷;微贷网;快贷-贷款借钱网贷;快钱钱包;惠借贷款;我来贷;手机贷（借款版）;拍拍贷借款;招商银行;招联好期贷;指尖贷;捷信金融;支付宝;星星钱袋;普惠信贷;曹操贷;有鱼贷款;松鼠贷;松鼠金融借款服务;极速贷;民生银行手机银行;江湖救急;江苏银行;浙商银行;浦发手机银行;潘看;爱钱进;玖富万卡;玖富叮当;现金快车;现金白卡;用钱宝;省呗;积木盒子;移动手机贷;第一贷款抢单;缺钱么;网商银行;美借;翼支付;蓝领贷;读秒;豆豆钱;财付通;贷上钱;贷你嗨;贷信通;还呗;速贷信用卡借款贷款神器;邮储银行;钱站;铜钱贷;闪电借款;闪电分期;闪贷;闪金贷;闪银;随心时贷;随手借;飞贷;马上钱包;麦芽贷;鼎及贷,0,0
160688998,195,131,3658商城;51信用卡管家;58车贷;E人一铺;E都市钱包;P2P理财;PPmoney理财;e周行;一贯;一鼎网理财;东方财富网;中业兴融;中国工商银行;中国建设银行;中国银行手机银行;中民i投;中航生意贷;乐金所;云付;京东金融;人人贷WE理财;众力金融;你我贷理财;兴业银行;冠e通;凤凰金融;利得基金;利民网;前海航交所;华人金融;卡牛信用卡管家;即利宝;发财猪理财;合众e贷;合众金服;合拍在线;合盘理财;唐小僧理财;商房所;团贷网理财;国美黄金;圣贤财富;外快理财;妈妈钱包;宜人理财;宝象金融;小草金融;小诸葛金服;小财迷;小金理财;小鸡理财;幸福钱庄;微贷网;快点理财;念钱安;恒大金服;惠农聚宝;惠金所;房金网;招招理财;招财猫理财;指旺理财;挖财宝;挖财记账;捞财宝;易通贷理财;映贝金服;晋商贷;晴天助;有利网理财;有融网理财;有财气;杭银直销;桔子理财;梧桐理财;欢乐合家理财;正道金服;民生直销银行;民贷天下理财;泰然城;活期王;浦发手机银行;海融易;点融网理财;熊猫金库;爱财有道;牛板金;玖富钱包;理财范;甜橙理财;生菜金融;百金贷;真融宝理财;祺天优贷;秒钱;穗金所;简理财;网信理财;网利宝;网贷天眼;翼龙贷;考拉理财;草根投资;荷包;融和财富;诚汇通;诺诺镑客;贝多多;财蜂发财树;财鱼管家;超爱财;返利魔方;迷你贷;酷盈网;金盈所;鑫合汇理财;钱包管家;铜掌柜;银多网;银承派理财;银湖理财;银联钱包;陆金所;雪山贷;青蚨在线;青蚨财富;饭团金服;饭饭金服;鲸鱼宝理财;黄金钱庄;鼎有财,0,0
160830209,211,123,2345贷款王;360借条;360贷款导航;51人品;51人品贷;51信用卡管家;E动生命;一账通;中国建设银行;中安信业小额贷款;乐贷款;交通银行;京东金融;亲亲小贷;你我贷借款;信用白条;信而富;信通袋分期;借乐花;借了吗贷款;借易贷;借的快;借贷宝;借速贷;借钱快;先花一亿元;光大银行手机银行;公积金贷款;农行掌上银行;功夫贷;千百块;卡卡贷;卡牛信用卡管家;原子贷;及贷;发薪贷;向钱贷;嗨贷款;多多付钱包;大小贷;奇速贷;好贷;安逸花贷款;宋江贷;宜人贷借款;小米贷款;小花钱包;小赢卡贷;差钱吗贷款;布丁小贷;平安信用卡;平安口袋银行;平安普惠;快贷-贷款借钱网贷;快钱钱包;急用钱ATM;恒信易贷;我来贷;打个借条;拉卡拉;拍拍贷借款;指尖贷;指尖钱包;捷信金融;捷现贷;支付宝;无忧借条;星星钱袋;杏仁钱包;来借;松鼠贷;极速钱包;洋钱罐理财;淘钱宝;火贷款手机借钱;灵云速贷;爱信钱包;猪宝钱包;玖富叮当;现金借款;现金巴士;现金快贷;现金白卡;现金贷贷款;现金超人;用钱宝;电兔借钱;社保贷款;秒白条;秒贷贷款;米米贷;缺钱么;网商银行;芝麻借钱;花无缺借款;花薪闪借;草根钱包;莫愁花;蓝领贷;虾球借钱;蚂蚁小微贷;蚂蚁聚宝;融360;豆豆钱;财付通;贷上钱;贷款60秒;贷款助手;贷款宝借款;贷款黑卡;还呗;速贷信用卡借款贷款神器;钱急送;钱有路;钱站;闪借款;闪电借款;闪电公积金;闪电贷;闪贷;闪银;魔法现金借款;麦芽贷,0,0
160988605,202,128,2345贷款王;360借条;51人品贷;51信用卡管家;51借钱;51短期贷;91极速贷;i贷专业版贷款;万达贷;中国建设银行;乐宝袋;乐贷款;京东金融;亲亲小贷;今天贷;任性贷借款;优啦电商贷;优啦金融;你我贷借款;信美分期;信而富;借么;借乐花;借了吗贷款;借得快;借款专家;借点钱贷款;借钱王借款;先花一亿元;先花钱;功夫贷;厚钱包;原子贷;及贷;口袋钱包;同牛贷;向钱贷;员工贷;大小贷;大额贷闪银;奇速贷;如来贷;安逸花贷款;宜人贷借款;小花钱包;小葱钱包;工资钱包;布丁小贷;平安普惠;快借;快贷;快速借款;快钱钱包;急用钱ATM;惠借贷款;我来贷;手机贷（借款版）;打个借条;拍拍贷借款;指尖贷;星星钱袋;曹操贷;来借钱;来分期;极速借款;极速钱包;浦发手机银行;淘钱宝;潘看;玖富万卡;玖富叮当;现金借款;现金借钱;现金巴士;现金快贷;现金快车;现金白卡;现金贷;现金超人;瓜牛钱包;用钱宝;百贷宝;秒借;秒白条;秒贷;米米贷;缺钱么;网商银行;美借;虾球借钱;蚂蚁信用贷;融360;融360贷款;读秒;豆豆钱;财滚滚;贷上钱;贷你嗨;贷先生;贷呗;贷嘛;贷款;贷款助手;贷款宝借款;贷款快;贷款钱包;贷贷看;还呗;迪迪好贷;速贷之家贷款;速贷宝;速贷通;钱到到分期;钱包贷;钱呗;钱急送;钱有路;钱站;闪电借款;闪贷;闪银;随心贷;飞贷;飞鱼贷款;马上贷;魔法现金借款;麦芽贷;鼎及贷,0,0
161183933,173,103,360借条;51人品贷;中信银行;中信银行动卡空间;中国建设银行;中安信业小额贷款;久融金融;么么钱包;交通银行;亲亲小贷;人人贷借款;众可贷分期;你我贷借款;你我贷理财;借易贷;借花花;借钱吧;借钱快;借钱花;借顺贷;功夫贷;卡卡贷;原子贷;及贷;发薪贷;口袋钱包;名校学贷;名校贷白领版分期贷款;向钱贷;嗨呗钱包;大小贷;安逸花贷款;宋江贷;宜人贷借款;小花钱包;小赢卡贷;平安普惠;广发手机银行;快贷-贷款借钱网贷;快钱钱包;急借通;急用钱ATM;我来贷;手机贷（借款版）;打个借条;拉卡拉;拍拍贷借款;拿下钱包;指尖贷;指尖钱包;支付宝;曹操贷;来分期;松鼠贷;极速贷;极速钱包;民生银行手机银行;浦发信用卡;爱信钱包;牛呗借款借钱;玖富万卡;玖富叮当;现金借款;现金在线;现金巴士;现金快贷;现金白卡;现金贷贷款;现金速递;神速学贷;秒借款;秒白条;秒贷贷款;移动手机贷;米米贷;美借;芝麻现金;花无缺借款;草根钱包;虾球借钱;融360;读秒;财鸟贷款;贷上钱;贷你嗨;贷款钱包;贷款黑卡;贷贷款;还呗;还还;邮储银行;钱包闪贷;钱站;闪借款;闪电借款;闪贷;闪银;靠谱鸟贷款;飞贷;马上钱包;魔法现金借款;麦芽贷;鼎及贷,0,0
161202203,171,110,51人品;51信用卡管家;E都市钱包;PPmoney理财;上文艺术品邮币;东方财富网;中业兴融;中国工商银行;中国建设银行;中国银行手机银行;中投融;乐享宝;云钱袋理财;京东金融;京东钱包;人人爱家金融;人人贷WE理财;人众金服理财投资;亿基金;付融宝;全球财富邮币卡;农行掌上银行;利得基金;华人金融;厚本金融投资理财;唐小僧理财;嘉远微银;固金所;国泰君安君弘;国美金融;国美黄金;壹佰金融;壹钱包;外滩云财富;天天基金网;妙资理财;宜人理财;小米贷款;小诸葛金服;小财迷;小资钱包;小金理财;工银融E联;平安天下通;平安证券;平安财富宝;广发证券易淘金;广银信用卡;廊坊直销银行;微贷网;快快贷理财;快点理财;快车财富;悟空理财;惠民益贷;懒猫金服;才米公社;投哪网理财;抱财网投资理财;拍拍贷理财;招商银行掌上生活;挖财信用卡管家;挖财宝;挖财记账;掌上基金;支付宝;易通贷理财;有融网理财;民生易贷;民生直销银行;泰金所;浦发信用卡;渝金所;温商贷理财;牛板金;玖富钱包;玖财通;理想宝;甜橙理财;知商金融理财;秒钱;纳泓金服android;网信理财;网商银行;网易贵金属;美美理财;翼支付;联璧金融;聚财猫理财;花虾金融;融和财富;贝多多;财蜂发财树;迷你贷;金投手;金融工场;金银猫;钱包管家;钱大掌柜;钱时代理财;钱牛牛理财;银巴克理财;银联钱包;长富理财;陆金所;随手记理财记账;雅堂金融;零钱罐;首山钱包;黄金钱包,0,0
161332788,176,116,2345贷款王;360借条;51人品贷;51信用卡管家;51短期贷;51零用钱;万达贷;中国工商银行;中国建设银行;中安信业小额贷款;中邮钱包;丽人荟;云科贷;享宇钱包;京东金融;任性付;优啦金融;你我贷借款;你我金融;信用无忧;信用白条;信用飞;信美分期;信闪贷;借乐花;借吧快速借款借钱;借点钱贷款;借钱快;借顺贷;先花一亿元;功夫贷;千百块;南瓜快贷;卡卡贷;卡牛信用卡管家;即有分期;原子贷;及贷;同牛贷;名校贷;向钱贷;大小贷;天天富;奇速贷;好钱包;安信我来贷;宜人贷借款;小星钱包;小赢卡贷;小雨点网贷;布丁小贷;平安普惠;广源小贷;开心钱包;微众银行-金融基金投资理财微粒贷;快贷-贷款借钱网贷;快钱钱包;我来贷;手机贷（借款版）;拉卡拉;拍拍贷借款;拿下钱包;挖财信用卡管家;捷信福贷;支付宝;救急钱包;新易贷微贷款;曹操贷;有贝钱袋;有钱用;杏仁钱包;松鼠贷;极速贷;极速钱包;潘看;玖富万卡;玖富叮当;现金借款;现金巴士;现金快贷;现金白卡;现金速递;用钱宝;秒分钱包;移动手机贷;米米贷;缺钱么;花无缺上班贷;萤火虫分期服务;虾球借钱;融360;诚贷通;读秒;豆豆钱;贷上钱;贷你嗨;贷嘛;贷款钱包;贷款黑卡;还呗;速贷之家贷款;速贷信用卡借款贷款神器;钱包贷;钱有路;钱盒商户通;钱站;银联钱包;闪借款;闪电借款;闪银;顺借;马上贷;魔借;魔法现金借款;鸿丰小贷;麦芽贷,0,0
161526835,182,137,365易贷;51人品;E人一铺;一起好理财;一路财富;万得理财;两只老虎;中国工商银行;中国银行手机银行;久融理财;乾道金融;互融宝;交银基金;京储街;人人爱家金融;人人贷WE理财;亿基金;任性付;众力金融;众金在线;佛山农商银行;佳兆业金服;佳缘金融;信融财富;光大云富;光大保德信基金;兴全基金;农行掌上银行;凤凰金融;前海联合基金;千壹;华夏基金管家;华安基金;华赢宝;华金在线;南方基金客户端;同花顺手机炒股股票软件;同花顺爱基金(银行理财);唐小僧理财;嘻牛基金;国投瑞银;国美黄金;多多理财;多盈理财;多融理财;天安金交中心;好利网;存吧;宁波银行直销银行;富国富钱包;小牛在线;小牛淘金;小算盘;工银直销银行;工银融E联;平安天下通;平安彩票;平安证券;广发基金;微众银行-金融基金投资理财微粒贷;微财富;徽常有财;必中彩票;快车财富;恒大金服;惠民益贷;懒财网理财;房金网;才米公社;抓钱猫理财投资;投投金融;投融资平台;招商基金;招商贷;招商银行;招招理财;指旺理财;挖财宝;掌上基金;掌中财富;操盘英雄;日日进;易黄金;望财;核新产融;民泰银行直销银行;江南Bank;沃百富;泰然城;滚雪球基金;滚雪球理财;熊猫金库;爱本地金服;玛瑙湾;甜橙理财;盈利宝;盈盈理财;盈码基金;益投资;盎盎理财;直销银行;紫金银行直销银行;网信理财;美美理财;翼支付;聚爱财;芒果金融;花生票号;草根投资;菠萝理财;蜂赢金服;融通基金;融金宝;袋鼠贷;贝米钱包;财蜂发财树;财路通理财;财金圈;途牛金服;金e融;金投网;金斧子财富;金有金;金蛋理财;金银猫;金香黄金;钱大掌柜;钱承有余;钱牛牛理财;钱钱炒股;陆金所;随手记理财记账;零用贷理财;领先基金网;鱼猫金服;黄金钱包;黑马贷,0,0
161541612,198,110,2345贷款王;360借条;51人品;51信用卡管家;一证贷;一账通;万达贷;中信银行动卡空间;中国工商银行;中国建设银行;中国银行;中国银行手机银行;中腾信贷;中邮钱包;交通银行;享宇钱包;京东股票;京东金融;你我贷借款;信用白条;借乐花;借了吗贷款;借易贷;借点用贷款;借点钱贷款;借花花;先花一亿元;光大银行手机银行;光速贷;卡卡贷;卡牛信用卡管家;原子贷;及贷;口袋钱包;叮当贷;城市贷;好易借;安信我来贷;安逸花贷款;宜人贷借款;小赢卡贷;小钱;小雨点网贷;工银融E联;布丁小贷;平安信用卡;平安普惠;平安证券;平安金管家;开心钱包;快贷-贷款借钱网贷;快钱钱包;急借通;恒易贷;我来贷;手机贷（借款版）;拉卡拉;拍拍贷借款;招商银行;招商银行掌上生活;拿下钱包;指尖贷;指尖钱包;挖财信用卡管家;掌上贷款;支付宝;新易贷微贷款;星星钱袋;极速钱包;民生银行手机银行;玖富万卡;玖富叮当;玖富钱包;现金借款;现金巴士;现金快车;现金白卡;现金贷贷款;用钱宝;省呗;秒贷贷款;米米贷;缺钱么;网商银行;翼支付;考拉征信;菠萝贷;蓝领贷;融360;融360贷款;融易贷;读秒;豆豆钱;贷上钱;贷你嗨;贷嘛;贷我飞;贷款钱包;还呗;速贷之家贷款;速贷信用卡借款贷款神器;速贷无忧;钞市;钱包贷;钱站;闪电借款;闪贷;闪银;顺借;麦芽贷,1,39900
161572650,197,113,2345贷款王;51人品贷;51信用卡管家;51零用钱;中国建设银行;中国银行;中安信业小额贷款;乐刷商务版;京东金融;亲亲小贷;人人贷借款;任性付;你我贷借款;你我金融;信用白条;信而富;信闪贷;借乐花;借了吗贷款;借款宝;借款宝借钱;借款王信用贷款;借点钱贷款;借贷宝;借钱快;先花一亿元;光速贷款;卡卡贷;卡牛信用卡管家;厚钱包;原子贷;发薪贷;口袋钱包;同牛贷;向钱贷;大小贷;好易借;宜人贷借款;容易借借款;小借贷;小树时代;小花钱包;小赢卡贷;工银融E联;布丁小贷;平安普惠;应急贷款;开心钱包;快速借款;快钱钱包;急用钱ATM;恒易贷;手机贷（借款版）;拍拍贷借款;招商银行掌上生活;拿下钱包;指尖贷;挖财信用卡管家;支付宝;曹操贷;有贝钱袋;来分期;极速钱包;水象借点花极速版;点融网理财;猪宝钱包;玖富万卡;玖富叮当;现金借款;现金巴士;现金快贷;现金快车;现金白卡;现金贷贷款;现金超人;现金速贷;现金速递;现金钱包;用钱宝;省呗;秒借款;米米贷;缺钱么;网易贵金属;花无缺上班贷;菠萝贷;蓝领贷;虾球借钱;蚂蚁小微贷;读秒;豆豆花;豆豆钱;贷上钱;贷你嗨;贷嘛;贷款宝借款;贷款钱包;贷款黑卡;还呗;速贷宝;邮储银行;钱急送;钱有路;钱站;钱箱借贷;钱米;闪电借款;闪贷;闪银;陆金所;顺借;魔法现金借款;麦芽贷,0,0
161672659,184,147,2345贷款王;360借条;360贷款导航;51人品;51人品贷;51信用卡管家;51借你钱;51借点花花;51卡宝;51零用钱;91借钱极速放款;i贷专业版贷款;一证贷;一账通;万达贷;下钱快;中信银行;中信银行动卡空间;中国工商银行;中国建设银行;云付;京东金融;任性付;你我贷借款;依米钱包;信用白条;信用花贷款借贷神器;信而富;借乐花;借了吗贷款;借点钱贷款;借贷花呗;借钱快;先花一亿元;光大银行手机银行;兴业银行;农行掌上银行;刷脸贷;功夫贷;包银消费;千百块;华夏信用卡管家;卡卡贷;卡牛信用卡管家;厚钱包;原子贷;及贷;同牛贷;向钱贷;啪啪钱包小额借贷;大小贷;大额贷闪银;安家派;宜人贷借款;容易借钱;小花钱包;小赢卡贷;小雨点网贷;小额钱袋;工银融E联;布丁小贷;平安信用卡;平安普惠;广发手机银行;开心钱包;微盟贷款王;快来贷;快贷-贷款借钱网贷;快钱钱包;急用钱ATM;恒易贷;我来贷;手机贷（借款版）;拉卡拉;招商银行;指尖钱包;挖财信用卡管家;捷信福贷;支付宝;新易贷微贷款;易贷款;暖薪贷;月光侠;有贝钱袋;来分期;松鼠贷;极速贷;极速贷款王;极速钱包;民生信用卡;水象借点花;汇丰银行;浦发信用卡;海牛钱包;爱信钱包;爱钱进;牛人贷;玖富万卡;玖富叮当;现金借款;现金快贷;现金白卡;现金超人;现金速递;瓜牛钱包;用钱宝;白花花;秒分钱包;秒白条;移动手机贷;简借贷款;米发钱包;米米贷;缺钱么;网商银行;美借;考拉征信;花无缺借款;花钱无忧;蓝领贷;融360;豆豆花;豆豆钱;贷上钱;贷你嗨;贷款助手;贷款黑卡;贷钱走借款;趣还钱;达飞云贷;还借钱;还呗;还还;速贷之家贷款;速贷花呗轻松借钱;重庆农商行;钱急送;钱有路;钱站;银收宝;闪电借款;闪贷;闪银;随手借;雪中金融;魔法现金借款;麦芽贷,0,0
162401317,225,136,2345贷款王;300快借贷;360贷款导航;51人品;51人品贷;51信用卡管家;51借你钱;51短期贷;51贷款;51速贷;51闪贷;51零用钱;Go贷;万达贷;中国建设银行;乐刷商务版;九秒贷;云科贷;五一钱包;亲亲小贷;任我贷;你我贷借款;信用付;信用白条;信美分期;借贷宝;借钱吧;借钱快;先花一亿元;光速借款;全能借款;农行掌上银行;分期贷;务工宝;包银消费;南瓜快贷;卡卡借;原子贷;及贷;向钱贷;啪啪钱包小额借贷;如意借;安家派;安逸花贷款;宋江贷;小牛速贷;小瑞快贷;小葱钱包;小赢卡贷;小钱;布丁小贷;平安普惠;广发手机银行;开心钱包;微当钱包;微速贷;快客贷;快贷-贷款借钱网贷;快速借款;快金;快钱钱包;急借通;恒易贷;我来贷;手机贷经典版;手机贷（借款版）;拉卡拉;拿下钱包;指尖贷;指尖钱包;支付宝;放心花;易快借;星星钱袋;暖薪贷;月光侠;月光蓝卡;有贝钱袋;松鼠贷;极速钱包;油菜花;潘看;爱信钱包;牛呗借款借钱;玖富万卡;玖富钱包;现金借款;现金在线;现金巴士;现金快贷;现金快车;现金急速贷;现金白卡;现金盒子;现金速递;用钱宝;百贷宝;省呗;秒借;秒借款;秒分钱包;秒白条;米米贷;米粒白条;缺钱么;美借;翼龙贷借款;考拉征信;融360贷款;诸葛钱包;贷上钱;贷款123;贷款黑卡;贷钱走借款;趣还钱;辰安现金贷;还借钱;速拿钱;速领薪;钱到到分期;钱包闪贷;钱急送;钱有路;钱牛速贷;钱站;钱米钱包;铜钱贷;银信付;闪电借款;闪电猫;闪银;随我花;顺借;马上贷;麦芽贷;鼎及贷,0,0
162803315,251,172,2345贷款王;360贷款导航;51人品;51信用卡管家;51借钱;51小额速借;51零用钱;91借钱极速放款;一账通;万达贷;中国银行手机银行;中安信业小额贷款;乐宝袋;买买钱包;亲亲小贷;人人花;人人贷借款;任性贷借款;众可贷分期;众安;佐力小贷;你我贷借款;信用贷款借款借钱;信而富;借乐花;借了吗贷款;借吧快速借款借钱;借吧钱包;借得快;借易贷;借款app;借款专家;借款王手机贷款;借款钱包;借点钱贷款;借贷宝;借贷快速贷款;借钱花;借顺贷;值得借;先花一亿元;光速贷款;农行掌上银行;分期贷;分秒贷;功夫贷;千百块;卡卡贷;卡牛信用卡管家;厚钱包;原子贷;及贷;同牛贷;向钱贷;唯品金融;大小贷;奇速贷;如来贷;安逸花贷款;宜人贷借款;容易借钱;小贷在线;小钱;小额贷款;小额钱袋;布丁信用;布丁小贷;平安普惠;广发手机银行;应急贷款;微盟贷款王;快速借款;快速贷款;快钱钱包;急借通;我来贷;手机贷（借款版）;打个借条;拉卡拉;拉卡拉商户通;拍拍贷借款;拿铁智投;指尖钱包;提额无忧;提额神器;新易贷微贷款;易借贷款极速借钱;星星钱袋;普惠借贷;暖薪贷;曹操贷;有钱贷极速借款;松鼠金融借款服务;极速借条;极速贷;极速贷款小额借款;极速钱包;淘钱宝;火贷款手机借钱;牛呗借款借钱;猪宝钱包;玖富万卡;玖富叮当;现金之家;现金借款;现金加油站;现金奶牛;现金宝;现金快贷;现金白卡;现金秒贷;现金贷贷款;现金超人;现金速递;益投资;省呗;秒借;秒贷款;秒贷金融;移动手机贷;米米贷;米粒白条;缺钱么;网易贵金属;翼龙贷;老哥帮;花无缺上班贷;草根钱包;菠萝贷;虾球借钱;蚂蚁小贷;读秒;豆豆花;财小仙小额贷;财神贷信用借款;贷上钱;贷你嗨;贷嘛;贷款;贷款123;贷款60秒;贷款助手;贷款啦;贷款钱包;超速贷;身份证贷款;轻松借款;还呗;速贷之家贷款;速贷宝;钱急送;钱有路;钱站;银联钱包;闪借款;闪电借款;闪电借钱花;闪电分期;闪电贷;闪电贷款;闪电贷款专业版;闪贷侠;闪银;陆金所;随你花;随手记理财记账;零钱罐;飞贷;魔借;魔法现金借款;麦麦提借款;鼎及贷,0,0
162831035,199,131,2345贷款王;360借条;51人品;51人品贷;51信用卡管家;51零用钱;91借钱极速放款;一账通;上海银行;上行快线;中国建设银行;中邮钱包;九秒贷;云科贷;享宇钱包;京东金融;人人花;任性付;任我贷;优啦金融;你我贷借款;你我金融;信用白条;信而富;借贷宝;借钱快;借钱无忧;借钱花;先花一亿元;分美工薪版;南瓜快贷;卡牛信用卡管家;原子贷;口袋钱包;叮当贷;四川农信手机银行;国美金融;多享金汇;大额贷闪银;奇速贷;好借钱;好易借;好钱包;安逸花贷款;小花钱包;小额钱袋;布丁小贷;开始钱包;微当钱包;微速贷;快借到;快借款;快客贷;快贷-贷款借钱网贷;快速借款;快金;快钱钱包;急借通;急用钱ATM;我来贷;手机贷（借款版）;拍分期;拍拍贷借款;招商银行掌上生活;拿下钱包;指尖钱包;挖财信用卡管家;支付宝;易快借;暖手好贷;暖薪贷;有贝钱袋;有钱宝;极速贷;极速钱包;水象借点花;浦发信用卡;浦发手机银行;淘钱宝;潘看;潮贷;灵云速贷;爱信钱包;爱贷借款;猪宝钱包;玖富叮当;现金口袋;现金巴士;现金快车;现金白卡;现金贷信用卡借款;现金速递;用钱宝;秒借;秒分钱包;秒白条;简借贷款;米发钱包;米粒白条;缺钱么;网贷小猫;美借;考拉征信;蓝领贷;虾球借钱;融360;融360贷款;诸葛钱包;读秒;贝勒爷专业版;贝壳钱包;财小仙小额贷;财滚滚;贷上钱;贷款123;贷款钱包;趣还钱;辰安现金贷;速借钱;邮储银行;钱到到分期;钱包贷;钱包闪贷;钱急送;钱有路;铜钱贷;闪电借款;闪银;随手借;零用钱包;顺借,0,0
